+ STUDENT_MODEL=/cache/models/Qwen_Qwen3_6-35B-A3B
+ TEACHER_MODEL=/cache/models/Qwen_Qwen3_6-35B-A3B
+ TEACHER_KEY=agent-eto/eto-sft-trajectory
+ TRAIN_FILE=/cache/data/eto_sdpo/train.parquet
+ VAL_FILE=/cache/data/eto_sdpo/test.parquet
+ REWARD_FN_PATH=/cache/runtime/sdpo_reward.py
+ NNODES=1
+ NGPUS_PER_NODE=4
+ TRAIN_SIZE_BSZ=4
+ PPO_MINI_BATCH_SIZE=4
+ PPO_MICRO_BATCH_SIZE_PER_GPU=1
+ LOG_PROB_MICRO_BATCH_SIZE_PER_GPU=1
+ MAX_PROMPT_LENGTH=2048
+ MAX_RESPONSE_LENGTH=128
+ MAX_NUM_BATCHED_TOKENS=2048
+ MAX_NUM_SEQS=1
+ PPO_MAX_TOKEN_LEN_PER_GPU=0
+ ACTOR_LR=1e-6
+ PPO_CLIP_RATIO=0.2
+ FSDP_MODEL_DTYPE=bfloat16
+ PARAM_OFFLOAD=True
+ OPTIMIZER_OFFLOAD=True
+ OPTIMIZER_OVERRIDE_CONFIG='{foreach: False}'
+ ENABLE_ACTIVATION_OFFLOAD=True
+ USE_TORCH_COMPILE=False
+ ROLLOUT_TP=4
+ ROLLOUT_EP=4
+ ROLLOUT_GPU_MEM_UTIL=0.35
+ TEACHER_NNODES=1
+ TEACHER_NUM_REPLICAS=1
+ TEACHER_TP=1
+ TEACHER_EP=1
+ TEACHER_GPU_MEM_UTIL=0.9
+ TEACHER_WORLD_SIZE=1
+ DISTILLATION_LOSS_MODE=k1
+ DISTILLATION_TOPK=32
+ DISTILLATION_LOSS_COEF=1.0
+ DISTILLATION_CLIP_RATIO=0.2
+ DISTILLATION_LOSS_MAX_CLAMP=10.0
+ USE_TASK_REWARDS=True
+ USE_POLICY_GRADIENT=True
+ PROJECT_NAME=continuum_verl_sdpo
+ EXPERIMENT_NAME=eto_sdpo-sdpo-shell-20260611T055738Z
+ DEFAULT_LOCAL_DIR=/cache/checkpoints/eto_sdpo-sdpo-shell-20260611T055738Z
+ LOGGER=console
+ BALANCE_BATCH=False
+ SHUFFLE=False
+ SAVE_FREQ=-1
+ TEST_FREQ=-1
+ TOTAL_EPOCHS=5
+ TOTAL_TRAINING_STEPS=5
+ VAL_BEFORE_TRAIN=False
+ TRUST_REMOTE_CODE=True
+ max_num_tokens=2177
+ [[ 0 == \0 ]]
+ PPO_MAX_TOKEN_LEN_PER_GPU=8708
+ DATA=(algorithm.adv_estimator=grpo algorithm.use_kl_in_reward=False data.train_files="$TRAIN_FILE" data.val_files="$VAL_FILE" data.train_batch_size=${TRAIN_SIZE_BSZ} data.max_prompt_length=${MAX_PROMPT_LENGTH} data.max_response_length=${MAX_RESPONSE_LENGTH} data.filter_overlong_prompts=True data.truncation='error' data.shuffle=${SHUFFLE})
+ MODEL=(actor_rollout_ref.model.path="$STUDENT_MODEL" actor_rollout_ref.model.trust_remote_code=${TRUST_REMOTE_CODE} actor_rollout_ref.model.use_remove_padding=True actor_rollout_ref.model.enable_gradient_checkpointing=True actor_rollout_ref.model.enable_activation_offload=${ENABLE_ACTIVATION_OFFLOAD})
+ ACTOR=(actor_rollout_ref.actor.use_torch_compile=${USE_TORCH_COMPILE} actor_rollout_ref.actor.optim.lr=${ACTOR_LR} actor_rollout_ref.actor.ppo_mini_batch_size=${PPO_MINI_BATCH_SIZE} actor_rollout_ref.actor.ppo_micro_batch_size_per_gpu=${PPO_MICRO_BATCH_SIZE_PER_GPU} actor_rollout_ref.actor.clip_ratio=${PPO_CLIP_RATIO} actor_rollout_ref.actor.clip_ratio_low=${PPO_CLIP_RATIO} actor_rollout_ref.actor.clip_ratio_high=${PPO_CLIP_RATIO} actor_rollout_ref.actor.use_dynamic_bsz=True actor_rollout_ref.actor.ppo_max_token_len_per_gpu=${PPO_MAX_TOKEN_LEN_PER_GPU} actor_rollout_ref.actor.fsdp_config.param_offload=${PARAM_OFFLOAD} actor_rollout_ref.actor.fsdp_config.optimizer_offload=${OPTIMIZER_OFFLOAD} actor_rollout_ref.actor.fsdp_config.model_dtype=${FSDP_MODEL_DTYPE})
+ [[ -n {foreach: False} ]]
+ ACTOR+=(actor_rollout_ref.actor.optim.override_optimizer_config="${OPTIMIZER_OVERRIDE_CONFIG}")
+ ROLLOUT=(actor_rollout_ref.rollout.name=vllm actor_rollout_ref.rollout.tensor_model_parallel_size=${ROLLOUT_TP} actor_rollout_ref.rollout.expert_parallel_size=${ROLLOUT_EP} actor_rollout_ref.rollout.gpu_memory_utilization=${ROLLOUT_GPU_MEM_UTIL} actor_rollout_ref.rollout.n=1 actor_rollout_ref.rollout.max_model_len=${max_num_tokens} actor_rollout_ref.rollout.max_num_seqs=${MAX_NUM_SEQS} actor_rollout_ref.rollout.max_num_batched_tokens=${MAX_NUM_BATCHED_TOKENS} actor_rollout_ref.rollout.agent.num_workers=1 actor_rollout_ref.rollout.log_prob_micro_batch_size_per_gpu=${LOG_PROB_MICRO_BATCH_SIZE_PER_GPU} actor_rollout_ref.rollout.log_prob_use_dynamic_bsz=True actor_rollout_ref.rollout.log_prob_max_token_len_per_gpu=${PPO_MAX_TOKEN_LEN_PER_GPU})
+ REF=(actor_rollout_ref.ref.log_prob_micro_batch_size_per_gpu=${LOG_PROB_MICRO_BATCH_SIZE_PER_GPU} actor_rollout_ref.ref.log_prob_use_dynamic_bsz=True actor_rollout_ref.ref.log_prob_max_token_len_per_gpu=${PPO_MAX_TOKEN_LEN_PER_GPU})
+ REWARD=(reward.custom_reward_function.name=compute_score reward.custom_reward_function.path="$REWARD_FN_PATH")
+ TRAINER=(trainer.balance_batch=${BALANCE_BATCH} trainer.logger=${LOGGER} trainer.project_name=${PROJECT_NAME} trainer.experiment_name=${EXPERIMENT_NAME} trainer.n_gpus_per_node=${NGPUS_PER_NODE} trainer.nnodes=${NNODES} trainer.val_before_train=${VAL_BEFORE_TRAIN} trainer.save_freq=${SAVE_FREQ} trainer.test_freq=${TEST_FREQ} trainer.total_epochs=${TOTAL_EPOCHS} trainer.total_training_steps=${TOTAL_TRAINING_STEPS} trainer.max_actor_ckpt_to_keep=1 trainer.default_local_dir="$DEFAULT_LOCAL_DIR" actor_rollout_ref.actor.checkpoint.save_contents="['model','hf_model']" actor_rollout_ref.actor.checkpoint.load_contents="['model']")
+ DISTILLATION=(distillation.enabled=True distillation.n_gpus_per_node=${TEACHER_WORLD_SIZE} distillation.nnodes=${TEACHER_NNODES} distillation.teacher_key=data_source distillation.teacher_models.teacher_model.key="$TEACHER_KEY" distillation.teacher_models.teacher_model.model_path="$TEACHER_MODEL" distillation.teacher_models.teacher_model.num_replicas=${TEACHER_NUM_REPLICAS} distillation.teacher_models.teacher_model.inference.name=vllm distillation.teacher_models.teacher_model.inference.tensor_model_parallel_size=${TEACHER_TP} distillation.teacher_models.teacher_model.inference.expert_parallel_size=${TEACHER_EP} distillation.teacher_models.teacher_model.inference.gpu_memory_utilization=${TEACHER_GPU_MEM_UTIL} distillation.teacher_models.teacher_model.inference.max_model_len=${max_num_tokens} distillation.teacher_models.teacher_model.inference.max_num_seqs=${MAX_NUM_SEQS} distillation.teacher_models.teacher_model.inference.max_num_batched_tokens=${MAX_NUM_BATCHED_TOKENS} distillation.distillation_loss.loss_mode=${DISTILLATION_LOSS_MODE} distillation.distillation_loss.topk=${DISTILLATION_TOPK} distillation.distillation_loss.use_task_rewards=${USE_TASK_REWARDS} distillation.distillation_loss.use_policy_gradient=${USE_POLICY_GRADIENT} distillation.distillation_loss.clip_ratio=${DISTILLATION_CLIP_RATIO} distillation.distillation_loss.clip_ratio_low=${DISTILLATION_CLIP_RATIO} distillation.distillation_loss.clip_ratio_high=${DISTILLATION_CLIP_RATIO} distillation.distillation_loss.distillation_loss_coef=${DISTILLATION_LOSS_COEF} distillation.distillation_loss.loss_max_clamp=${DISTILLATION_LOSS_MAX_CLAMP} distillation.distillation_loss.log_prob_min_clamp=-10.0)
+ python3 -m verl.trainer.main_ppo algorithm.adv_estimator=grpo algorithm.use_kl_in_reward=False data.train_files=/cache/data/eto_sdpo/train.parquet data.val_files=/cache/data/eto_sdpo/test.parquet data.train_batch_size=4 data.max_prompt_length=2048 data.max_response_length=128 data.filter_overlong_prompts=True data.truncation=error data.shuffle=False actor_rollout_ref.model.path=/cache/models/Qwen_Qwen3_6-35B-A3B actor_rollout_ref.model.trust_remote_code=True actor_rollout_ref.model.use_remove_padding=True actor_rollout_ref.model.enable_gradient_checkpointing=True actor_rollout_ref.model.enable_activation_offload=True actor_rollout_ref.actor.use_torch_compile=False actor_rollout_ref.actor.optim.lr=1e-6 actor_rollout_ref.actor.ppo_mini_batch_size=4 actor_rollout_ref.actor.ppo_micro_batch_size_per_gpu=1 actor_rollout_ref.actor.clip_ratio=0.2 actor_rollout_ref.actor.clip_ratio_low=0.2 actor_rollout_ref.actor.clip_ratio_high=0.2 actor_rollout_ref.actor.use_dynamic_bsz=True actor_rollout_ref.actor.ppo_max_token_len_per_gpu=8708 actor_rollout_ref.actor.fsdp_config.param_offload=True actor_rollout_ref.actor.fsdp_config.optimizer_offload=True actor_rollout_ref.actor.fsdp_config.model_dtype=bfloat16 'actor_rollout_ref.actor.optim.override_optimizer_config={foreach: False}' actor_rollout_ref.rollout.name=vllm actor_rollout_ref.rollout.tensor_model_parallel_size=4 actor_rollout_ref.rollout.expert_parallel_size=4 actor_rollout_ref.rollout.gpu_memory_utilization=0.35 actor_rollout_ref.rollout.n=1 actor_rollout_ref.rollout.max_model_len=2177 actor_rollout_ref.rollout.max_num_seqs=1 actor_rollout_ref.rollout.max_num_batched_tokens=2048 actor_rollout_ref.rollout.agent.num_workers=1 actor_rollout_ref.rollout.log_prob_micro_batch_size_per_gpu=1 actor_rollout_ref.rollout.log_prob_use_dynamic_bsz=True actor_rollout_ref.rollout.log_prob_max_token_len_per_gpu=8708 actor_rollout_ref.ref.log_prob_micro_batch_size_per_gpu=1 actor_rollout_ref.ref.log_prob_use_dynamic_bsz=True actor_rollout_ref.ref.log_prob_max_token_len_per_gpu=8708 reward.custom_reward_function.name=compute_score reward.custom_reward_function.path=/cache/runtime/sdpo_reward.py trainer.balance_batch=False trainer.logger=console trainer.project_name=continuum_verl_sdpo trainer.experiment_name=eto_sdpo-sdpo-shell-20260611T055738Z trainer.n_gpus_per_node=4 trainer.nnodes=1 trainer.val_before_train=False trainer.save_freq=-1 trainer.test_freq=-1 trainer.total_epochs=5 trainer.total_training_steps=5 trainer.max_actor_ckpt_to_keep=1 trainer.default_local_dir=/cache/checkpoints/eto_sdpo-sdpo-shell-20260611T055738Z 'actor_rollout_ref.actor.checkpoint.save_contents=['\''model'\'','\''hf_model'\'']' 'actor_rollout_ref.actor.checkpoint.load_contents=['\''model'\'']' distillation.enabled=True distillation.n_gpus_per_node=1 distillation.nnodes=1 distillation.teacher_key=data_source distillation.teacher_models.teacher_model.key=agent-eto/eto-sft-trajectory distillation.teacher_models.teacher_model.model_path=/cache/models/Qwen_Qwen3_6-35B-A3B distillation.teacher_models.teacher_model.num_replicas=1 distillation.teacher_models.teacher_model.inference.name=vllm distillation.teacher_models.teacher_model.inference.tensor_model_parallel_size=1 distillation.teacher_models.teacher_model.inference.expert_parallel_size=1 distillation.teacher_models.teacher_model.inference.gpu_memory_utilization=0.9 distillation.teacher_models.teacher_model.inference.max_model_len=2177 distillation.teacher_models.teacher_model.inference.max_num_seqs=1 distillation.teacher_models.teacher_model.inference.max_num_batched_tokens=2048 distillation.distillation_loss.loss_mode=k1 distillation.distillation_loss.topk=32 distillation.distillation_loss.use_task_rewards=True distillation.distillation_loss.use_policy_gradient=True distillation.distillation_loss.clip_ratio=0.2 distillation.distillation_loss.clip_ratio_low=0.2 distillation.distillation_loss.clip_ratio_high=0.2 distillation.distillation_loss.distillation_loss_coef=1.0 distillation.distillation_loss.loss_max_clamp=10.0 distillation.distillation_loss.log_prob_min_clamp=-10.0
/opt/verl/verl/trainer/main_ppo.py:380: FutureWarning: Warning: Function '__main__.main' is deprecated. Please use 'main_ppo.py is deprecated, and wil be replaced by main_ppo_sync.py in v0.8.0, please use main_ppo_sync.py instead.' instead.
  main()
2026-06-11 13:58:20,862	INFO worker.py:2003 -- Started a local Ray instance. View the dashboard at [1m[32mhttp://127.0.0.1:8265 [39m[22m
/usr/local/lib/python3.12/site-packages/ray/_private/worker.py:2051: FutureWarning: Tip: In future versions of Ray, Ray will no longer override accelerator visible devices env var if num_gpus=0 or num_gpus=None (default). To enable this behavior and turn off this error message, set RAY_ACCEL_ENV_VAR_OVERRIDE_ON_ZERO=0
  warnings.warn(
[36m(pid=1943)[0m W0611 13:58:35.131000 1943 site-packages/torch/utils/cpp_extension.py:118] No CUDA runtime is found, using CUDA_HOME='/usr/local/cuda'
ray init kwargs: {'num_cpus': None, 'runtime_env': {'env_vars': {'NCCL_DEBUG': 'WARN', 'VLLM_LOGGING_LEVEL': 'WARN', 'VLLM_ALLOW_RUNTIME_LORA_UPDATING': 'true', 'CUDA_DEVICE_MAX_CONNECTIONS': '1', 'VLLM_DISABLE_COMPILE_CACHE': '1', 'HCCL_HOST_SOCKET_PORT_RANGE': 'auto', 'HCCL_NPU_SOCKET_PORT_RANGE': 'auto', 'HSA_NO_SCRATCH_RECLAIM': '1'}, 'working_dir': None}}
[36m(TaskRunner pid=1943)[0m TaskRunner hostname: modal, PID: 1943
[36m(TaskRunner pid=1943)[0m {'actor_rollout_ref': {'actor': {'_target_': 'verl.workers.config.FSDPActorConfig',
[36m(TaskRunner pid=1943)[0m                                  'calculate_entropy': False,
[36m(TaskRunner pid=1943)[0m                                  'calculate_sum_pi_squared': False,
[36m(TaskRunner pid=1943)[0m                                  'checkpoint': {'_target_': 'verl.trainer.config.CheckpointConfig',
[36m(TaskRunner pid=1943)[0m                                                 'async_save': False,
[36m(TaskRunner pid=1943)[0m                                                 'load_contents': ['model'],
[36m(TaskRunner pid=1943)[0m                                                 'mbridge_config': {},
[36m(TaskRunner pid=1943)[0m                                                 'save_contents': ['model',
[36m(TaskRunner pid=1943)[0m                                                                   'hf_model'],
[36m(TaskRunner pid=1943)[0m                                                 'strict': True},
[36m(TaskRunner pid=1943)[0m                                  'clip_ratio': 0.2,
[36m(TaskRunner pid=1943)[0m                                  'clip_ratio_c': 3.0,
[36m(TaskRunner pid=1943)[0m                                  'clip_ratio_high': 0.2,
[36m(TaskRunner pid=1943)[0m                                  'clip_ratio_low': 0.2,
[36m(TaskRunner pid=1943)[0m                                  'data_loader_seed': 42,
[36m(TaskRunner pid=1943)[0m                                  'entropy_checkpointing': False,
[36m(TaskRunner pid=1943)[0m                                  'entropy_coeff': 0,
[36m(TaskRunner pid=1943)[0m                                  'entropy_from_logits_with_chunking': False,
[36m(TaskRunner pid=1943)[0m                                  'freeze_vision_tower': False,
[36m(TaskRunner pid=1943)[0m                                  'fsdp_config': {'_target_': 'verl.workers.config.FSDPEngineConfig',
[36m(TaskRunner pid=1943)[0m                                                  'dtype': 'bfloat16',
[36m(TaskRunner pid=1943)[0m                                                  'entropy_checkpointing': False,
[36m(TaskRunner pid=1943)[0m                                                  'entropy_from_logits_with_chunking': False,
[36m(TaskRunner pid=1943)[0m                                                  'forward_only': False,
[36m(TaskRunner pid=1943)[0m                                                  'forward_prefetch': False,
[36m(TaskRunner pid=1943)[0m                                                  'fsdp_size': -1,
[36m(TaskRunner pid=1943)[0m                                                  'full_determinism': False,
[36m(TaskRunner pid=1943)[0m                                                  'model_dtype': 'bfloat16',
[36m(TaskRunner pid=1943)[0m                                                  'offload_policy': False,
[36m(TaskRunner pid=1943)[0m                                                  'optimizer_offload': True,
[36m(TaskRunner pid=1943)[0m                                                  'param_offload': True,
[36m(TaskRunner pid=1943)[0m                                                  'qat': {'_target_': 'verl.workers.config.QATEngineConfig',
[36m(TaskRunner pid=1943)[0m                                                          'activation_observer': 'static_minmax',
[36m(TaskRunner pid=1943)[0m                                                          'enable': False,
[36m(TaskRunner pid=1943)[0m                                                          'group_size': 16,
[36m(TaskRunner pid=1943)[0m                                                          'ignore_patterns': ['lm_head',
[36m(TaskRunner pid=1943)[0m                                                                              'embed_tokens',
[36m(TaskRunner pid=1943)[0m                                                                              're:.*mlp.gate$'],
[36m(TaskRunner pid=1943)[0m                                                          'mode': 'w4a16',
[36m(TaskRunner pid=1943)[0m                                                          'quantization_config_path': None},
[36m(TaskRunner pid=1943)[0m                                                  'reshard_after_forward': True,
[36m(TaskRunner pid=1943)[0m                                                  'seed': 42,
[36m(TaskRunner pid=1943)[0m                                                  'strategy': 'fsdp',
[36m(TaskRunner pid=1943)[0m                                                  'ulysses_sequence_parallel_size': 1,
[36m(TaskRunner pid=1943)[0m                                                  'use_orig_params': False,
[36m(TaskRunner pid=1943)[0m                                                  'use_torch_compile': True,
[36m(TaskRunner pid=1943)[0m                                                  'wrap_policy': {'min_num_params': 0}},
[36m(TaskRunner pid=1943)[0m                                  'grad_clip': 1.0,
[36m(TaskRunner pid=1943)[0m                                  'kl_loss_coef': 0.001,
[36m(TaskRunner pid=1943)[0m                                  'kl_loss_type': 'low_var_kl',
[36m(TaskRunner pid=1943)[0m                                  'loss_agg_mode': 'token-mean',
[36m(TaskRunner pid=1943)[0m                                  'loss_scale_factor': None,
[36m(TaskRunner pid=1943)[0m                                  'optim': {'_target_': 'verl.workers.config.FSDPOptimizerConfig',
[36m(TaskRunner pid=1943)[0m                                            'betas': [0.9, 0.999],
[36m(TaskRunner pid=1943)[0m                                            'clip_grad': 1.0,
[36m(TaskRunner pid=1943)[0m                                            'lr': 1e-06,
[36m(TaskRunner pid=1943)[0m                                            'lr_scheduler_type': 'constant',
[36m(TaskRunner pid=1943)[0m                                            'lr_warmup_steps': -1,
[36m(TaskRunner pid=1943)[0m                                            'lr_warmup_steps_ratio': 0.0,
[36m(TaskRunner pid=1943)[0m                                            'min_lr_ratio': 0.0,
[36m(TaskRunner pid=1943)[0m                                            'num_cycles': 0.5,
[36m(TaskRunner pid=1943)[0m                                            'optimizer': 'AdamW',
[36m(TaskRunner pid=1943)[0m                                            'optimizer_impl': 'torch.optim',
[36m(TaskRunner pid=1943)[0m                                            'override_optimizer_config': {'foreach': False},
[36m(TaskRunner pid=1943)[0m                                            'total_training_steps': -1,
[36m(TaskRunner pid=1943)[0m                                            'warmup_style': None,
[36m(TaskRunner pid=1943)[0m                                            'weight_decay': 0.01,
[36m(TaskRunner pid=1943)[0m                                            'zero_indexed_step': True},
[36m(TaskRunner pid=1943)[0m                                  'policy_loss': {'_target_': 'verl.workers.config.PolicyLossConfig',
[36m(TaskRunner pid=1943)[0m                                                  'clip_cov_lb': 1.0,
[36m(TaskRunner pid=1943)[0m                                                  'clip_cov_ratio': 0.0002,
[36m(TaskRunner pid=1943)[0m                                                  'clip_cov_ub': 5.0,
[36m(TaskRunner pid=1943)[0m                                                  'kl_cov_ratio': 0.0002,
[36m(TaskRunner pid=1943)[0m                                                  'loss_mode': 'vanilla',
[36m(TaskRunner pid=1943)[0m                                                  'ppo_kl_coef': 0.1},
[36m(TaskRunner pid=1943)[0m                                  'ppo_epochs': 1,
[36m(TaskRunner pid=1943)[0m                                  'ppo_max_token_len_per_gpu': 8708,
[36m(TaskRunner pid=1943)[0m                                  'ppo_micro_batch_size': None,
[36m(TaskRunner pid=1943)[0m                                  'ppo_micro_batch_size_per_gpu': 1,
[36m(TaskRunner pid=1943)[0m                                  'ppo_mini_batch_size': 4,
[36m(TaskRunner pid=1943)[0m                                  'profiler': {'_target_': 'verl.utils.profiler.ProfilerConfig',
[36m(TaskRunner pid=1943)[0m                                               'all_ranks': False,
[36m(TaskRunner pid=1943)[0m                                               'enable': False,
[36m(TaskRunner pid=1943)[0m                                               'ranks': [],
[36m(TaskRunner pid=1943)[0m                                               'save_path': 'outputs/profile',
[36m(TaskRunner pid=1943)[0m                                               'tool': None,
[36m(TaskRunner pid=1943)[0m                                               'tool_config': {'npu': {'_target_': 'verl.utils.profiler.config.NPUToolConfig',
[36m(TaskRunner pid=1943)[0m                                                                       'analysis': True,
[36m(TaskRunner pid=1943)[0m                                                                       'contents': [],
[36m(TaskRunner pid=1943)[0m                                                                       'discrete': False,
[36m(TaskRunner pid=1943)[0m                                                                       'level': 'level0'},
[36m(TaskRunner pid=1943)[0m                                                               'nsys': {'_target_': 'verl.utils.profiler.config.NsightToolConfig',
[36m(TaskRunner pid=1943)[0m                                                                        'discrete': False},
[36m(TaskRunner pid=1943)[0m                                                               'precision_debugger': {'_target_': 'verl.utils.profiler.config.PrecisionDebuggerToolConfig',
[36m(TaskRunner pid=1943)[0m                                                                                      'config_path': None,
[36m(TaskRunner pid=1943)[0m                                                                                      'stages': None,
[36m(TaskRunner pid=1943)[0m                                                                                      'steps': None,
[36m(TaskRunner pid=1943)[0m                                                                                      'strict': False},
[36m(TaskRunner pid=1943)[0m                                                               'torch': {'_target_': 'verl.utils.profiler.config.TorchProfilerToolConfig',
[36m(TaskRunner pid=1943)[0m                                                                         'contents': [],
[36m(TaskRunner pid=1943)[0m                                                                         'discrete': False},
[36m(TaskRunner pid=1943)[0m                                                               'torch_memory': {'_target_': 'verl.utils.profiler.config.TorchMemoryToolConfig',
[36m(TaskRunner pid=1943)[0m                                                                                'stack_depth': 32,
[36m(TaskRunner pid=1943)[0m                                                                                'trace_alloc_max_entries': 100000}}},
[36m(TaskRunner pid=1943)[0m                                  'qat': {'activation_observer': 'static_minmax',
[36m(TaskRunner pid=1943)[0m                                          'enable': False,
[36m(TaskRunner pid=1943)[0m                                          'group_size': 16,
[36m(TaskRunner pid=1943)[0m                                          'ignore_patterns': ['lm_head',
[36m(TaskRunner pid=1943)[0m                                                              'embed_tokens',
[36m(TaskRunner pid=1943)[0m                                                              're:.*mlp.gate$'],
[36m(TaskRunner pid=1943)[0m                                          'mode': 'w4a16',
[36m(TaskRunner pid=1943)[0m                                          'quantization_config_path': None},
[36m(TaskRunner pid=1943)[0m                                  'rollout_n': 1,
[36m(TaskRunner pid=1943)[0m                                  'router_replay': {'_target_': 'verl.workers.config.RouterReplayConfig',
[36m(TaskRunner pid=1943)[0m                                                    'mode': 'disabled',
[36m(TaskRunner pid=1943)[0m                                                    'record_file': None,
[36m(TaskRunner pid=1943)[0m                                                    'replay_file': None},
[36m(TaskRunner pid=1943)[0m                                  'shuffle': False,
[36m(TaskRunner pid=1943)[0m                                  'strategy': 'fsdp',
[36m(TaskRunner pid=1943)[0m                                  'tau_neg': 1.05,
[36m(TaskRunner pid=1943)[0m                                  'tau_pos': 1.0,
[36m(TaskRunner pid=1943)[0m                                  'ulysses_sequence_parallel_size': 1,
[36m(TaskRunner pid=1943)[0m                                  'use_dynamic_bsz': True,
[36m(TaskRunner pid=1943)[0m                                  'use_fused_kernels': False,
[36m(TaskRunner pid=1943)[0m                                  'use_kl_loss': False,
[36m(TaskRunner pid=1943)[0m                                  'use_prefix_grouper': False,
[36m(TaskRunner pid=1943)[0m                                  'use_remove_padding': True,
[36m(TaskRunner pid=1943)[0m                                  'use_torch_compile': False},
[36m(TaskRunner pid=1943)[0m                        'hybrid_engine': True,
[36m(TaskRunner pid=1943)[0m                        'model': {'_target_': 'verl.workers.config.HFModelConfig',
[36m(TaskRunner pid=1943)[0m                                  'custom_chat_template': None,
[36m(TaskRunner pid=1943)[0m                                  'enable_activation_offload': True,
[36m(TaskRunner pid=1943)[0m                                  'enable_gradient_checkpointing': True,
[36m(TaskRunner pid=1943)[0m                                  'exclude_modules': None,
[36m(TaskRunner pid=1943)[0m                                  'external_lib': None,
[36m(TaskRunner pid=1943)[0m                                  'fused_kernel_options': {'impl_backend': 'torch'},
[36m(TaskRunner pid=1943)[0m                                  'hf_config_path': None,
[36m(TaskRunner pid=1943)[0m                                  'lora': {'a2a_experimental': False,
[36m(TaskRunner pid=1943)[0m                                           'adapter_path': None,
[36m(TaskRunner pid=1943)[0m                                           'alpha': 32,
[36m(TaskRunner pid=1943)[0m                                           'dropout': 0.0,
[36m(TaskRunner pid=1943)[0m                                           'dropout_position': 'pre',
[36m(TaskRunner pid=1943)[0m                                           'dtype': None,
[36m(TaskRunner pid=1943)[0m                                           'exclude_modules': [],
[36m(TaskRunner pid=1943)[0m                                           'freeze_language_model': True,
[36m(TaskRunner pid=1943)[0m                                           'freeze_vision_model': True,
[36m(TaskRunner pid=1943)[0m                                           'freeze_vision_projection': True,
[36m(TaskRunner pid=1943)[0m                                           'lora_A_init_method': 'xavier',
[36m(TaskRunner pid=1943)[0m                                           'lora_B_init_method': 'zero',
[36m(TaskRunner pid=1943)[0m                                           'merge': False,
[36m(TaskRunner pid=1943)[0m                                           'rank': 0,
[36m(TaskRunner pid=1943)[0m                                           'target_modules': ['linear_qkv',
[36m(TaskRunner pid=1943)[0m                                                              'linear_proj',
[36m(TaskRunner pid=1943)[0m                                                              'linear_fc1',
[36m(TaskRunner pid=1943)[0m                                                              'linear_fc2'],
[36m(TaskRunner pid=1943)[0m                                           'type': 'lora'},
[36m(TaskRunner pid=1943)[0m                                  'lora_adapter_path': None,
[36m(TaskRunner pid=1943)[0m                                  'lora_alpha': 16,
[36m(TaskRunner pid=1943)[0m                                  'lora_rank': 0,
[36m(TaskRunner pid=1943)[0m                                  'mtp': {'_target_': 'verl.workers.config.MtpConfig',
[36m(TaskRunner pid=1943)[0m                                          'detach_encoder': False,
[36m(TaskRunner pid=1943)[0m                                          'enable': False,
[36m(TaskRunner pid=1943)[0m                                          'enable_rollout': False,
[36m(TaskRunner pid=1943)[0m                                          'enable_train': False,
[36m(TaskRunner pid=1943)[0m                                          'method': 'mtp',
[36m(TaskRunner pid=1943)[0m                                          'mtp_loss_scaling_factor': 0.1,
[36m(TaskRunner pid=1943)[0m                                          'num_speculative_tokens': 1,
[36m(TaskRunner pid=1943)[0m                                          'speculative_algorithm': 'EAGLE',
[36m(TaskRunner pid=1943)[0m                                          'speculative_eagle_topk': 1,
[36m(TaskRunner pid=1943)[0m                                          'speculative_num_draft_tokens': 4,
[36m(TaskRunner pid=1943)[0m                                          'speculative_num_steps': 3},
[36m(TaskRunner pid=1943)[0m                                  'override_config': {},
[36m(TaskRunner pid=1943)[0m                                  'path': '/cache/models/Qwen_Qwen3_6-35B-A3B',
[36m(TaskRunner pid=1943)[0m                                  'target_modules': 'all-linear',
[36m(TaskRunner pid=1943)[0m                                  'tiled_mlp': {'enabled': False,
[36m(TaskRunner pid=1943)[0m                                                'num_shards': 4},
[36m(TaskRunner pid=1943)[0m                                  'tokenizer_path': None,
[36m(TaskRunner pid=1943)[0m                                  'trust_remote_code': True,
[36m(TaskRunner pid=1943)[0m                                  'use_fused_kernels': False,
[36m(TaskRunner pid=1943)[0m                                  'use_liger': False,
[36m(TaskRunner pid=1943)[0m                                  'use_remove_padding': True,
[36m(TaskRunner pid=1943)[0m                                  'use_shm': False},
[36m(TaskRunner pid=1943)[0m                        'nccl_timeout': 600,
[36m(TaskRunner pid=1943)[0m                        'ref': {'_target_': 'verl.workers.config.FSDPActorConfig',
[36m(TaskRunner pid=1943)[0m                                'entropy_checkpointing': False,
[36m(TaskRunner pid=1943)[0m                                'entropy_from_logits_with_chunking': False,
[36m(TaskRunner pid=1943)[0m                                'fsdp_config': {'_target_': 'verl.workers.config.FSDPEngineConfig',
[36m(TaskRunner pid=1943)[0m                                                'dtype': 'bfloat16',
[36m(TaskRunner pid=1943)[0m                                                'entropy_checkpointing': False,
[36m(TaskRunner pid=1943)[0m                                                'entropy_from_logits_with_chunking': False,
[36m(TaskRunner pid=1943)[0m                                                'forward_only': True,
[36m(TaskRunner pid=1943)[0m                                                'forward_prefetch': False,
[36m(TaskRunner pid=1943)[0m                                                'fsdp_size': -1,
[36m(TaskRunner pid=1943)[0m                                                'full_determinism': False,
[36m(TaskRunner pid=1943)[0m                                                'model_dtype': 'fp32',
[36m(TaskRunner pid=1943)[0m                                                'offload_policy': False,
[36m(TaskRunner pid=1943)[0m                                                'optimizer_offload': False,
[36m(TaskRunner pid=1943)[0m                                                'param_offload': False,
[36m(TaskRunner pid=1943)[0m                                                'qat': {'_target_': 'verl.workers.config.QATEngineConfig',
[36m(TaskRunner pid=1943)[0m                                                        'activation_observer': 'static_minmax',
[36m(TaskRunner pid=1943)[0m                                                        'enable': False,
[36m(TaskRunner pid=1943)[0m                                                        'group_size': 16,
[36m(TaskRunner pid=1943)[0m                                                        'ignore_patterns': ['lm_head',
[36m(TaskRunner pid=1943)[0m                                                                            'embed_tokens',
[36m(TaskRunner pid=1943)[0m                                                                            're:.*mlp.gate$'],
[36m(TaskRunner pid=1943)[0m                                                        'mode': 'w4a16',
[36m(TaskRunner pid=1943)[0m                                                        'quantization_config_path': None},
[36m(TaskRunner pid=1943)[0m                                                'reshard_after_forward': True,
[36m(TaskRunner pid=1943)[0m                                                'seed': 42,
[36m(TaskRunner pid=1943)[0m                                                'strategy': 'fsdp',
[36m(TaskRunner pid=1943)[0m                                                'ulysses_sequence_parallel_size': 1,
[36m(TaskRunner pid=1943)[0m                                                'use_orig_params': False,
[36m(TaskRunner pid=1943)[0m                                                'use_torch_compile': True,
[36m(TaskRunner pid=1943)[0m                                                'wrap_policy': {'min_num_params': 0}},
[36m(TaskRunner pid=1943)[0m                                'log_prob_max_token_len_per_gpu': 8708,
[36m(TaskRunner pid=1943)[0m                                'log_prob_micro_batch_size': None,
[36m(TaskRunner pid=1943)[0m                                'log_prob_micro_batch_size_per_gpu': 1,
[36m(TaskRunner pid=1943)[0m                                'log_prob_use_dynamic_bsz': True,
[36m(TaskRunner pid=1943)[0m                                'profiler': {'_target_': 'verl.utils.profiler.ProfilerConfig',
[36m(TaskRunner pid=1943)[0m                                             'all_ranks': False,
[36m(TaskRunner pid=1943)[0m                                             'enable': False,
[36m(TaskRunner pid=1943)[0m                                             'ranks': [],
[36m(TaskRunner pid=1943)[0m                                             'save_path': 'outputs/profile',
[36m(TaskRunner pid=1943)[0m                                             'tool': None,
[36m(TaskRunner pid=1943)[0m                                             'tool_config': {'npu': {'_target_': 'verl.utils.profiler.config.NPUToolConfig',
[36m(TaskRunner pid=1943)[0m                                                                     'analysis': True,
[36m(TaskRunner pid=1943)[0m                                                                     'contents': [],
[36m(TaskRunner pid=1943)[0m                                                                     'discrete': False,
[36m(TaskRunner pid=1943)[0m                                                                     'level': 'level0'},
[36m(TaskRunner pid=1943)[0m                                                             'nsys': {'_target_': 'verl.utils.profiler.config.NsightToolConfig',
[36m(TaskRunner pid=1943)[0m                                                                      'discrete': False},
[36m(TaskRunner pid=1943)[0m                                                             'precision_debugger': {'_target_': 'verl.utils.profiler.config.PrecisionDebuggerToolConfig',
[36m(TaskRunner pid=1943)[0m                                                                                    'config_path': None,
[36m(TaskRunner pid=1943)[0m                                                                                    'stages': None,
[36m(TaskRunner pid=1943)[0m                                                                                    'steps': None,
[36m(TaskRunner pid=1943)[0m                                                                                    'strict': False},
[36m(TaskRunner pid=1943)[0m                                                             'torch': {'_target_': 'verl.utils.profiler.config.TorchProfilerToolConfig',
[36m(TaskRunner pid=1943)[0m                                                                       'contents': [],
[36m(TaskRunner pid=1943)[0m                                                                       'discrete': False},
[36m(TaskRunner pid=1943)[0m                                                             'torch_memory': {'_target_': 'verl.utils.profiler.config.TorchMemoryToolConfig',
[36m(TaskRunner pid=1943)[0m                                                                              'stack_depth': 32,
[36m(TaskRunner pid=1943)[0m                                                                              'trace_alloc_max_entries': 100000}}},
[36m(TaskRunner pid=1943)[0m                                'rollout_n': 1,
[36m(TaskRunner pid=1943)[0m                                'router_replay': {'_target_': 'verl.workers.config.RouterReplayConfig',
[36m(TaskRunner pid=1943)[0m                                                  'mode': 'disabled',
[36m(TaskRunner pid=1943)[0m                                                  'record_file': None,
[36m(TaskRunner pid=1943)[0m                                                  'replay_file': None},
[36m(TaskRunner pid=1943)[0m                                'strategy': 'fsdp',
[36m(TaskRunner pid=1943)[0m                                'ulysses_sequence_parallel_size': 1,
[36m(TaskRunner pid=1943)[0m                                'use_torch_compile': False},
[36m(TaskRunner pid=1943)[0m                        'rollout': {'_target_': 'verl.workers.config.RolloutConfig',
[36m(TaskRunner pid=1943)[0m                                    'agent': {'_target_': 'verl.workers.config.AgentLoopConfig',
[36m(TaskRunner pid=1943)[0m                                              'agent_loop_config_path': None,
[36m(TaskRunner pid=1943)[0m                                              'custom_async_server': {'_target_': 'verl.workers.config.CustomAsyncServerConfig',
[36m(TaskRunner pid=1943)[0m                                                                      'name': None,
[36m(TaskRunner pid=1943)[0m                                                                      'path': None},
[36m(TaskRunner pid=1943)[0m                                              'default_agent_loop': 'single_turn_agent',
[36m(TaskRunner pid=1943)[0m                                              'num_workers': 1},
[36m(TaskRunner pid=1943)[0m                                    'calculate_log_probs': False,
[36m(TaskRunner pid=1943)[0m                                    'checkpoint_engine': {'_target_': 'verl.workers.config.CheckpointEngineConfig',
[36m(TaskRunner pid=1943)[0m                                                          'backend': 'naive',
[36m(TaskRunner pid=1943)[0m                                                          'custom_backend_module': None,
[36m(TaskRunner pid=1943)[0m                                                          'engine_kwargs': {},
[36m(TaskRunner pid=1943)[0m                                                          'update_weights_bucket_megabytes': 2048},
[36m(TaskRunner pid=1943)[0m                                    'cudagraph_capture_sizes': None,
[36m(TaskRunner pid=1943)[0m                                    'data_parallel_size': 1,
[36m(TaskRunner pid=1943)[0m                                    'disable_log_stats': True,
[36m(TaskRunner pid=1943)[0m                                    'disaggregation': {'bootstrap_port': None,
[36m(TaskRunner pid=1943)[0m                                                       'decode_replicas': 1,
[36m(TaskRunner pid=1943)[0m                                                       'decode_tensor_model_parallel_size': None,
[36m(TaskRunner pid=1943)[0m                                                       'enabled': False,
[36m(TaskRunner pid=1943)[0m                                                       'ib_device': None,
[36m(TaskRunner pid=1943)[0m                                                       'prefill_replicas': 1,
[36m(TaskRunner pid=1943)[0m                                                       'transfer_backend': 'nixl'},
[36m(TaskRunner pid=1943)[0m                                    'do_sample': True,
[36m(TaskRunner pid=1943)[0m                                    'dtype': 'bfloat16',
[36m(TaskRunner pid=1943)[0m                                    'enable_chunked_prefill': True,
[36m(TaskRunner pid=1943)[0m                                    'enable_prefix_caching': True,
[36m(TaskRunner pid=1943)[0m                                    'enable_rollout_routing_replay': False,
[36m(TaskRunner pid=1943)[0m                                    'enforce_eager': False,
[36m(TaskRunner pid=1943)[0m                                    'engine_kwargs': {'sglang': {},
[36m(TaskRunner pid=1943)[0m                                                      'trtllm': {},
[36m(TaskRunner pid=1943)[0m                                                      'vllm': {}},
[36m(TaskRunner pid=1943)[0m                                    'expert_parallel_size': 4,
[36m(TaskRunner pid=1943)[0m                                    'free_cache_engine': True,
[36m(TaskRunner pid=1943)[0m                                    'gpu_memory_utilization': 0.35,
[36m(TaskRunner pid=1943)[0m                                    'ignore_eos': False,
[36m(TaskRunner pid=1943)[0m                                    'layered_summon': False,
[36m(TaskRunner pid=1943)[0m                                    'load_format': 'dummy',
[36m(TaskRunner pid=1943)[0m                                    'log_prob_max_token_len_per_gpu': 8708,
[36m(TaskRunner pid=1943)[0m                                    'log_prob_micro_batch_size': None,
[36m(TaskRunner pid=1943)[0m                                    'log_prob_micro_batch_size_per_gpu': 1,
[36m(TaskRunner pid=1943)[0m                                    'log_prob_use_dynamic_bsz': True,
[36m(TaskRunner pid=1943)[0m                                    'logprobs_mode': 'processed_logprobs',
[36m(TaskRunner pid=1943)[0m                                    'max_model_len': 2177,
[36m(TaskRunner pid=1943)[0m                                    'max_num_batched_tokens': 2048,
[36m(TaskRunner pid=1943)[0m                                    'max_num_seqs': 1,
[36m(TaskRunner pid=1943)[0m                                    'mode': 'async',
[36m(TaskRunner pid=1943)[0m                                    'mtp': {'_target_': 'verl.workers.config.MtpConfig',
[36m(TaskRunner pid=1943)[0m                                            'detach_encoder': False,
[36m(TaskRunner pid=1943)[0m                                            'enable': False,
[36m(TaskRunner pid=1943)[0m                                            'enable_rollout': False,
[36m(TaskRunner pid=1943)[0m                                            'enable_train': False,
[36m(TaskRunner pid=1943)[0m                                            'method': 'mtp',
[36m(TaskRunner pid=1943)[0m                                            'mtp_loss_scaling_factor': 0.1,
[36m(TaskRunner pid=1943)[0m                                            'num_speculative_tokens': 1,
[36m(TaskRunner pid=1943)[0m                                            'speculative_algorithm': 'EAGLE',
[36m(TaskRunner pid=1943)[0m                                            'speculative_eagle_topk': 1,
[36m(TaskRunner pid=1943)[0m                                            'speculative_num_draft_tokens': 4,
[36m(TaskRunner pid=1943)[0m                                            'speculative_num_steps': 3},
[36m(TaskRunner pid=1943)[0m                                    'multi_stage_wake_up': False,
[36m(TaskRunner pid=1943)[0m                                    'multi_turn': {'_target_': 'verl.workers.config.MultiTurnConfig',
[36m(TaskRunner pid=1943)[0m                                                   'enable': False,
[36m(TaskRunner pid=1943)[0m                                                   'format': 'hermes',
[36m(TaskRunner pid=1943)[0m                                                   'function_tool_path': None,
[36m(TaskRunner pid=1943)[0m                                                   'max_assistant_turns': None,
[36m(TaskRunner pid=1943)[0m                                                   'max_parallel_calls': 1,
[36m(TaskRunner pid=1943)[0m                                                   'max_tool_response_length': 256,
[36m(TaskRunner pid=1943)[0m                                                   'max_user_turns': None,
[36m(TaskRunner pid=1943)[0m                                                   'num_repeat_rollouts': None,
[36m(TaskRunner pid=1943)[0m                                                   'tokenization_sanity_check_mode': 'strict',
[36m(TaskRunner pid=1943)[0m                                                   'tool_config_path': None,
[36m(TaskRunner pid=1943)[0m                                                   'tool_response_truncate_side': 'middle',
[36m(TaskRunner pid=1943)[0m                                                   'use_inference_chat_template': False},
[36m(TaskRunner pid=1943)[0m                                    'n': 1,
[36m(TaskRunner pid=1943)[0m                                    'n_gpus_per_node': 4,
[36m(TaskRunner pid=1943)[0m                                    'name': 'vllm',
[36m(TaskRunner pid=1943)[0m                                    'nnodes': 0,
[36m(TaskRunner pid=1943)[0m                                    'over_sample_rate': 0,
[36m(TaskRunner pid=1943)[0m                                    'pipeline_model_parallel_size': 1,
[36m(TaskRunner pid=1943)[0m                                    'profiler': {'_target_': 'verl.utils.profiler.ProfilerConfig',
[36m(TaskRunner pid=1943)[0m                                                 'all_ranks': False,
[36m(TaskRunner pid=1943)[0m                                                 'enable': False,
[36m(TaskRunner pid=1943)[0m                                                 'ranks': [],
[36m(TaskRunner pid=1943)[0m                                                 'save_path': 'outputs/profile',
[36m(TaskRunner pid=1943)[0m                                                 'tool': None,
[36m(TaskRunner pid=1943)[0m                                                 'tool_config': {'npu': {'_target_': 'verl.utils.profiler.config.NPUToolConfig',
[36m(TaskRunner pid=1943)[0m                                                                         'analysis': True,
[36m(TaskRunner pid=1943)[0m                                                                         'contents': [],
[36m(TaskRunner pid=1943)[0m                                                                         'discrete': False,
[36m(TaskRunner pid=1943)[0m                                                                         'level': 'level0'},
[36m(TaskRunner pid=1943)[0m                                                                 'precision_debugger': {'_target_': 'verl.utils.profiler.config.PrecisionDebuggerToolConfig',
[36m(TaskRunner pid=1943)[0m                                                                                        'config_path': None,
[36m(TaskRunner pid=1943)[0m                                                                                        'stages': None,
[36m(TaskRunner pid=1943)[0m                                                                                        'steps': None,
[36m(TaskRunner pid=1943)[0m                                                                                        'strict': False},
[36m(TaskRunner pid=1943)[0m                                                                 'torch': {'_target_': 'verl.utils.profiler.config.TorchProfilerToolConfig',
[36m(TaskRunner pid=1943)[0m                                                                           'contents': [],
[36m(TaskRunner pid=1943)[0m                                                                           'discrete': False}}},
[36m(TaskRunner pid=1943)[0m                                    'prometheus': {'_target_': 'verl.workers.config.PrometheusConfig',
[36m(TaskRunner pid=1943)[0m                                                   'enable': False,
[36m(TaskRunner pid=1943)[0m                                                   'file': '/tmp/ray/session_latest/metrics/prometheus/prometheus.yml',
[36m(TaskRunner pid=1943)[0m                                                   'port': 9090,
[36m(TaskRunner pid=1943)[0m                                                   'served_model_name': '/cache/models/Qwen_Qwen3_6-35B-A3B'},
[36m(TaskRunner pid=1943)[0m                                    'prompt_length': 2048,
[36m(TaskRunner pid=1943)[0m                                    'qat': {'_target_': 'verl.workers.config.QATEngineConfig',
[36m(TaskRunner pid=1943)[0m                                            'activation_observer': 'static_minmax',
[36m(TaskRunner pid=1943)[0m                                            'enable': False,
[36m(TaskRunner pid=1943)[0m                                            'group_size': 16,
[36m(TaskRunner pid=1943)[0m                                            'ignore_patterns': ['lm_head',
[36m(TaskRunner pid=1943)[0m                                                                'embed_tokens',
[36m(TaskRunner pid=1943)[0m                                                                're:.*mlp.gate$'],
[36m(TaskRunner pid=1943)[0m                                            'mode': 'w4a16',
[36m(TaskRunner pid=1943)[0m                                            'quantization_config_path': None},
[36m(TaskRunner pid=1943)[0m                                    'quantization': None,
[36m(TaskRunner pid=1943)[0m                                    'quantization_config_file': None,
[36m(TaskRunner pid=1943)[0m                                    'response_length': 128,
[36m(TaskRunner pid=1943)[0m                                    'scheduling_policy': 'fcfs',
[36m(TaskRunner pid=1943)[0m                                    'skip': {'_target_': 'verl.workers.config.SkipConfig',
[36m(TaskRunner pid=1943)[0m                                             'action': 'cache',
[36m(TaskRunner pid=1943)[0m                                             'dump_dir': '~/.verl/rollout_dump',
[36m(TaskRunner pid=1943)[0m                                             'enable': False,
[36m(TaskRunner pid=1943)[0m                                             'max_dump_step': 1},
[36m(TaskRunner pid=1943)[0m                                    'skip_tokenizer_init': True,
[36m(TaskRunner pid=1943)[0m                                    'temperature': 1.0,
[36m(TaskRunner pid=1943)[0m                                    'tensor_model_parallel_size': 4,
[36m(TaskRunner pid=1943)[0m                                    'top_k': -1,
[36m(TaskRunner pid=1943)[0m                                    'top_p': 1,
[36m(TaskRunner pid=1943)[0m                                    'trace': {'_target_': 'verl.workers.config.TraceConfig',
[36m(TaskRunner pid=1943)[0m                                              'backend': None,
[36m(TaskRunner pid=1943)[0m                                              'experiment_name': 'eto_sdpo-sdpo-shell-20260611T055738Z',
[36m(TaskRunner pid=1943)[0m                                              'max_samples_per_step_per_worker': None,
[36m(TaskRunner pid=1943)[0m                                              'project_name': 'continuum_verl_sdpo',
[36m(TaskRunner pid=1943)[0m                                              'token2text': False},
[36m(TaskRunner pid=1943)[0m                                    'val_kwargs': {'_target_': 'verl.workers.config.SamplingConfig',
[36m(TaskRunner pid=1943)[0m                                                   'do_sample': False,
[36m(TaskRunner pid=1943)[0m                                                   'n': 1,
[36m(TaskRunner pid=1943)[0m                                                   'temperature': 0,
[36m(TaskRunner pid=1943)[0m                                                   'top_k': -1,
[36m(TaskRunner pid=1943)[0m                                                   'top_p': 1.0}}},
[36m(TaskRunner pid=1943)[0m  'algorithm': {'_target_': 'verl.trainer.config.AlgoConfig',
[36m(TaskRunner pid=1943)[0m                'adv_estimator': 'grpo',
[36m(TaskRunner pid=1943)[0m                'gamma': 1.0,
[36m(TaskRunner pid=1943)[0m                'kl_ctrl': {'_target_': 'verl.trainer.config.KLControlConfig',
[36m(TaskRunner pid=1943)[0m                            'horizon': 10000,
[36m(TaskRunner pid=1943)[0m                            'kl_coef': 0.001,
[36m(TaskRunner pid=1943)[0m                            'target_kl': 0.1,
[36m(TaskRunner pid=1943)[0m                            'type': 'fixed'},
[36m(TaskRunner pid=1943)[0m                'kl_penalty': 'kl',
[36m(TaskRunner pid=1943)[0m                'lam': 1.0,
[36m(TaskRunner pid=1943)[0m                'norm_adv_by_std_in_grpo': True,
[36m(TaskRunner pid=1943)[0m                'pf_ppo': {'reweight_method': 'pow', 'weight_pow': 2.0},
[36m(TaskRunner pid=1943)[0m                'rollout_correction': {'bypass_mode': False,
[36m(TaskRunner pid=1943)[0m                                       'loss_type': 'ppo_clip',
[36m(TaskRunner pid=1943)[0m                                       'rollout_is': None,
[36m(TaskRunner pid=1943)[0m                                       'rollout_is_batch_normalize': False,
[36m(TaskRunner pid=1943)[0m                                       'rollout_is_threshold': 2.0,
[36m(TaskRunner pid=1943)[0m                                       'rollout_rs': None,
[36m(TaskRunner pid=1943)[0m                                       'rollout_rs_threshold': None},
[36m(TaskRunner pid=1943)[0m                'use_kl_in_reward': False,
[36m(TaskRunner pid=1943)[0m                'use_pf_ppo': False},
[36m(TaskRunner pid=1943)[0m  'critic': {'_target_': 'verl.workers.config.FSDPCriticConfig',
[36m(TaskRunner pid=1943)[0m             'checkpoint': {'_target_': 'verl.trainer.config.CheckpointConfig',
[36m(TaskRunner pid=1943)[0m                            'async_save': False,
[36m(TaskRunner pid=1943)[0m                            'load_contents': ['model', 'optimizer', 'extra'],
[36m(TaskRunner pid=1943)[0m                            'mbridge_config': {},
[36m(TaskRunner pid=1943)[0m                            'save_contents': ['model', 'optimizer', 'extra']},
[36m(TaskRunner pid=1943)[0m             'cliprange_value': 0.5,
[36m(TaskRunner pid=1943)[0m             'data_loader_seed': 42,
[36m(TaskRunner pid=1943)[0m             'enable': None,
[36m(TaskRunner pid=1943)[0m             'forward_max_token_len_per_gpu': 32768,
[36m(TaskRunner pid=1943)[0m             'forward_micro_batch_size': None,
[36m(TaskRunner pid=1943)[0m             'forward_micro_batch_size_per_gpu': None,
[36m(TaskRunner pid=1943)[0m             'fsdp': {'_target_': 'verl.workers.config.FSDPEngineConfig',
[36m(TaskRunner pid=1943)[0m                      'dtype': 'bfloat16',
[36m(TaskRunner pid=1943)[0m                      'entropy_checkpointing': False,
[36m(TaskRunner pid=1943)[0m                      'entropy_from_logits_with_chunking': False,
[36m(TaskRunner pid=1943)[0m                      'forward_only': False,
[36m(TaskRunner pid=1943)[0m                      'forward_prefetch': False,
[36m(TaskRunner pid=1943)[0m                      'fsdp_size': -1,
[36m(TaskRunner pid=1943)[0m                      'full_determinism': False,
[36m(TaskRunner pid=1943)[0m                      'model_dtype': 'fp32',
[36m(TaskRunner pid=1943)[0m                      'offload_policy': False,
[36m(TaskRunner pid=1943)[0m                      'optimizer_offload': False,
[36m(TaskRunner pid=1943)[0m                      'param_offload': False,
[36m(TaskRunner pid=1943)[0m                      'qat': {'_target_': 'verl.workers.config.QATEngineConfig',
[36m(TaskRunner pid=1943)[0m                              'activation_observer': 'static_minmax',
[36m(TaskRunner pid=1943)[0m                              'enable': False,
[36m(TaskRunner pid=1943)[0m                              'group_size': 16,
[36m(TaskRunner pid=1943)[0m                              'ignore_patterns': ['lm_head',
[36m(TaskRunner pid=1943)[0m                                                  'embed_tokens',
[36m(TaskRunner pid=1943)[0m                                                  're:.*mlp.gate$'],
[36m(TaskRunner pid=1943)[0m                              'mode': 'w4a16',
[36m(TaskRunner pid=1943)[0m                              'quantization_config_path': None},
[36m(TaskRunner pid=1943)[0m                      'reshard_after_forward': True,
[36m(TaskRunner pid=1943)[0m                      'seed': 42,
[36m(TaskRunner pid=1943)[0m                      'strategy': 'fsdp',
[36m(TaskRunner pid=1943)[0m                      'ulysses_sequence_parallel_size': 1,
[36m(TaskRunner pid=1943)[0m                      'use_orig_params': False,
[36m(TaskRunner pid=1943)[0m                      'use_torch_compile': True,
[36m(TaskRunner pid=1943)[0m                      'wrap_policy': {'min_num_params': 0}},
[36m(TaskRunner pid=1943)[0m             'grad_clip': 1.0,
[36m(TaskRunner pid=1943)[0m             'loss_agg_mode': 'token-mean',
[36m(TaskRunner pid=1943)[0m             'model': {'_target_': 'verl.workers.config.HFModelConfig',
[36m(TaskRunner pid=1943)[0m                       'custom_chat_template': None,
[36m(TaskRunner pid=1943)[0m                       'enable_activation_offload': False,
[36m(TaskRunner pid=1943)[0m                       'enable_gradient_checkpointing': True,
[36m(TaskRunner pid=1943)[0m                       'exclude_modules': None,
[36m(TaskRunner pid=1943)[0m                       'external_lib': None,
[36m(TaskRunner pid=1943)[0m                       'fused_kernel_options': {'impl_backend': 'torch'},
[36m(TaskRunner pid=1943)[0m                       'hf_config_path': None,
[36m(TaskRunner pid=1943)[0m                       'lora': {'a2a_experimental': False,
[36m(TaskRunner pid=1943)[0m                                'adapter_path': None,
[36m(TaskRunner pid=1943)[0m                                'alpha': 32,
[36m(TaskRunner pid=1943)[0m                                'dropout': 0.0,
[36m(TaskRunner pid=1943)[0m                                'dropout_position': 'pre',
[36m(TaskRunner pid=1943)[0m                                'dtype': None,
[36m(TaskRunner pid=1943)[0m                                'exclude_modules': [],
[36m(TaskRunner pid=1943)[0m                                'freeze_language_model': True,
[36m(TaskRunner pid=1943)[0m                                'freeze_vision_model': True,
[36m(TaskRunner pid=1943)[0m                                'freeze_vision_projection': True,
[36m(TaskRunner pid=1943)[0m                                'lora_A_init_method': 'xavier',
[36m(TaskRunner pid=1943)[0m                                'lora_B_init_method': 'zero',
[36m(TaskRunner pid=1943)[0m                                'merge': False,
[36m(TaskRunner pid=1943)[0m                                'rank': 0,
[36m(TaskRunner pid=1943)[0m                                'target_modules': ['linear_qkv',
[36m(TaskRunner pid=1943)[0m                                                   'linear_proj',
[36m(TaskRunner pid=1943)[0m                                                   'linear_fc1',
[36m(TaskRunner pid=1943)[0m                                                   'linear_fc2'],
[36m(TaskRunner pid=1943)[0m                                'type': 'lora'},
[36m(TaskRunner pid=1943)[0m                       'lora_adapter_path': None,
[36m(TaskRunner pid=1943)[0m                       'lora_alpha': 16,
[36m(TaskRunner pid=1943)[0m                       'lora_rank': 0,
[36m(TaskRunner pid=1943)[0m                       'mtp': {'_target_': 'verl.workers.config.MtpConfig',
[36m(TaskRunner pid=1943)[0m                               'detach_encoder': False,
[36m(TaskRunner pid=1943)[0m                               'enable': False,
[36m(TaskRunner pid=1943)[0m                               'enable_rollout': False,
[36m(TaskRunner pid=1943)[0m                               'enable_train': False,
[36m(TaskRunner pid=1943)[0m                               'method': 'mtp',
[36m(TaskRunner pid=1943)[0m                               'mtp_loss_scaling_factor': 0.1,
[36m(TaskRunner pid=1943)[0m                               'num_speculative_tokens': 1,
[36m(TaskRunner pid=1943)[0m                               'speculative_algorithm': 'EAGLE',
[36m(TaskRunner pid=1943)[0m                               'speculative_eagle_topk': 1,
[36m(TaskRunner pid=1943)[0m                               'speculative_num_draft_tokens': 4,
[36m(TaskRunner pid=1943)[0m                               'speculative_num_steps': 3},
[36m(TaskRunner pid=1943)[0m                       'override_config': {},
[36m(TaskRunner pid=1943)[0m                       'path': '~/models/deepseek-llm-7b-chat',
[36m(TaskRunner pid=1943)[0m                       'target_modules': 'all-linear',
[36m(TaskRunner pid=1943)[0m                       'tiled_mlp': {'enabled': False, 'num_shards': 4},
[36m(TaskRunner pid=1943)[0m                       'tokenizer_path': None,
[36m(TaskRunner pid=1943)[0m                       'trust_remote_code': False,
[36m(TaskRunner pid=1943)[0m                       'use_fused_kernels': False,
[36m(TaskRunner pid=1943)[0m                       'use_liger': False,
[36m(TaskRunner pid=1943)[0m                       'use_remove_padding': True,
[36m(TaskRunner pid=1943)[0m                       'use_shm': False},
[36m(TaskRunner pid=1943)[0m             'optim': {'_target_': 'verl.workers.config.FSDPOptimizerConfig',
[36m(TaskRunner pid=1943)[0m                       'betas': [0.9, 0.999],
[36m(TaskRunner pid=1943)[0m                       'clip_grad': 1.0,
[36m(TaskRunner pid=1943)[0m                       'lr'
[36m(TaskRunner pid=1943)[0m : 
[36m(TaskRunner pid=1943)[0m 1e-05
[36m(TaskRunner pid=1943)[0m ,
[36m(TaskRunner pid=1943)[0m                       
[36m(TaskRunner pid=1943)[0m 'lr_scheduler_type': 
[36m(TaskRunner pid=1943)[0m 'constant'
[36m(TaskRunner pid=1943)[0m ,
[36m(TaskRunner pid=1943)[0m                       
[36m(TaskRunner pid=1943)[0m 'lr_warmup_steps'
[36m(TaskRunner pid=1943)[0m : 
[36m(TaskRunner pid=1943)[0m -1
[36m(TaskRunner pid=1943)[0m ,
[36m(TaskRunner pid=1943)[0m                       
[36m(TaskRunner pid=1943)[0m 'lr_warmup_steps_ratio'
[36m(TaskRunner pid=1943)[0m : 
[36m(TaskRunner pid=1943)[0m 0.0
[36m(TaskRunner pid=1943)[0m ,
[36m(TaskRunner pid=1943)[0m                       
[36m(TaskRunner pid=1943)[0m 'min_lr_ratio'
[36m(TaskRunner pid=1943)[0m : 
[36m(TaskRunner pid=1943)[0m 0.0
[36m(TaskRunner pid=1943)[0m ,
[36m(TaskRunner pid=1943)[0m                       
[36m(TaskRunner pid=1943)[0m 'num_cycles'
[36m(TaskRunner pid=1943)[0m : 
[36m(TaskRunner pid=1943)[0m 0.5
[36m(TaskRunner pid=1943)[0m ,
[36m(TaskRunner pid=1943)[0m                       
[36m(TaskRunner pid=1943)[0m 'optimizer'
[36m(TaskRunner pid=1943)[0m : 
[36m(TaskRunner pid=1943)[0m 'AdamW'
[36m(TaskRunner pid=1943)[0m ,
[36m(TaskRunner pid=1943)[0m                       
[36m(TaskRunner pid=1943)[0m 'optimizer_impl'
[36m(TaskRunner pid=1943)[0m : 
[36m(TaskRunner pid=1943)[0m 'torch.optim'
[36m(TaskRunner pid=1943)[0m ,
[36m(TaskRunner pid=1943)[0m                       
[36m(TaskRunner pid=1943)[0m 'override_optimizer_config'
[36m(TaskRunner pid=1943)[0m : 
[36m(TaskRunner pid=1943)[0m None
[36m(TaskRunner pid=1943)[0m ,
[36m(TaskRunner pid=1943)[0m                       
[36m(TaskRunner pid=1943)[0m 'total_training_steps': 
[36m(TaskRunner pid=1943)[0m -1
[36m(TaskRunner pid=1943)[0m ,
[36m(TaskRunner pid=1943)[0m                       
[36m(TaskRunner pid=1943)[0m 'warmup_style'
[36m(TaskRunner pid=1943)[0m : 
[36m(TaskRunner pid=1943)[0m None
[36m(TaskRunner pid=1943)[0m ,
[36m(TaskRunner pid=1943)[0m                       
[36m(TaskRunner pid=1943)[0m 'weight_decay'
[36m(TaskRunner pid=1943)[0m : 
[36m(TaskRunner pid=1943)[0m 0.01
[36m(TaskRunner pid=1943)[0m ,
[36m(TaskRunner pid=1943)[0m                       
[36m(TaskRunner pid=1943)[0m 'zero_indexed_step': 
[36m(TaskRunner pid=1943)[0m True
[36m(TaskRunner pid=1943)[0m }
[36m(TaskRunner pid=1943)[0m ,
[36m(TaskRunner pid=1943)[0m             
[36m(TaskRunner pid=1943)[0m 'ppo_epochs': 
[36m(TaskRunner pid=1943)[0m 1
[36m(TaskRunner pid=1943)[0m ,
[36m(TaskRunner pid=1943)[0m             
[36m(TaskRunner pid=1943)[0m 'ppo_max_token_len_per_gpu'
[36m(TaskRunner pid=1943)[0m : 
[36m(TaskRunner pid=1943)[0m 32768
[36m(TaskRunner pid=1943)[0m ,
[36m(TaskRunner pid=1943)[0m             
[36m(TaskRunner pid=1943)[0m 'ppo_micro_batch_size'
[36m(TaskRunner pid=1943)[0m : 
[36m(TaskRunner pid=1943)[0m None
[36m(TaskRunner pid=1943)[0m ,
[36m(TaskRunner pid=1943)[0m             
[36m(TaskRunner pid=1943)[0m 'ppo_micro_batch_size_per_gpu': 
[36m(TaskRunner pid=1943)[0m None
[36m(TaskRunner pid=1943)[0m ,
[36m(TaskRunner pid=1943)[0m             
[36m(TaskRunner pid=1943)[0m 'ppo_mini_batch_size'
[36m(TaskRunner pid=1943)[0m : 
[36m(TaskRunner pid=1943)[0m 4,
[36m(TaskRunner pid=1943)[0m             'profiler'
[36m(TaskRunner pid=1943)[0m : 
[36m(TaskRunner pid=1943)[0m {'_target_': 'verl.utils.profiler.ProfilerConfig',
[36m(TaskRunner pid=1943)[0m                          'all_ranks': False,
[36m(TaskRunner pid=1943)[0m                          'enable': False,
[36m(TaskRunner pid=1943)[0m                          'ranks': [],
[36m(TaskRunner pid=1943)[0m                          'save_path': 'outputs/profile',
[36m(TaskRunner pid=1943)[0m                          'tool': None,
[36m(TaskRunner pid=1943)[0m                          'tool_config': {'npu': {'_target_': 'verl.utils.profiler.config.NPUToolConfig',
[36m(TaskRunner pid=1943)[0m                                                  'analysis': True,
[36m(TaskRunner pid=1943)[0m                                                  'contents': [],
[36m(TaskRunner pid=1943)[0m                                                  'discrete': False,
[36m(TaskRunner pid=1943)[0m                                                  'level': 'level0'},
[36m(TaskRunner pid=1943)[0m                                          'nsys': {'_target_': 'verl.utils.profiler.config.NsightToolConfig',
[36m(TaskRunner pid=1943)[0m                                                   'discrete': False},
[36m(TaskRunner pid=1943)[0m                                          'precision_debugger': {'_target_': 'verl.utils.profiler.config.PrecisionDebuggerToolConfig',
[36m(TaskRunner pid=1943)[0m                                                                 'config_path': None,
[36m(TaskRunner pid=1943)[0m                                                                 'stages': None,
[36m(TaskRunner pid=1943)[0m                                                                 'steps': None,
[36m(TaskRunner pid=1943)[0m                                                                 'strict': False},
[36m(TaskRunner pid=1943)[0m                                          'torch': {'_target_': 'verl.utils.profiler.config.TorchProfilerToolConfig',
[36m(TaskRunner pid=1943)[0m                                                    'contents': [],
[36m(TaskRunner pid=1943)[0m                                                    'discrete': False},
[36m(TaskRunner pid=1943)[0m                                          'torch_memory': {'_target_': 'verl.utils.profiler.config.TorchMemoryToolConfig',
[36m(TaskRunner pid=1943)[0m                                                           'stack_depth': 
[36m(TaskRunner pid=1943)[0m 32,
[36m(TaskRunner pid=1943)[0m                                                           
[36m(TaskRunner pid=1943)[0m 'trace_alloc_max_entries'
[36m(TaskRunner pid=1943)[0m : 
[36m(TaskRunner pid=1943)[0m 100000
[36m(TaskRunner pid=1943)[0m }
[36m(TaskRunner pid=1943)[0m }
[36m(TaskRunner pid=1943)[0m },
[36m(TaskRunner pid=1943)[0m             'rollout_n': 1,
[36m(TaskRunner pid=1943)[0m             'shuffle': False,
[36m(TaskRunner pid=1943)[0m             'strategy': 'fsdp',
[36m(TaskRunner pid=1943)[0m             'ulysses_sequence_parallel_size': 1,
[36m(TaskRunner pid=1943)[0m             'use_dynamic_bsz': True},
[36m(TaskRunner pid=1943)[0m  'data': {'apply_chat_template_kwargs': {},
[36m(TaskRunner pid=1943)[0m           'audio_key': 'audios',
[36m(TaskRunner pid=1943)[0m           'custom_cls': {'name': None, 'path': None},
[36m(TaskRunner pid=1943)[0m           'dataloader_num_workers': 8,
[36m(TaskRunner pid=1943)[0m           'filter_overlong_prompts': True,
[36m(TaskRunner pid=1943)[0m           'filter_overlong_prompts_workers': 1,
[36m(TaskRunner pid=1943)[0m           'function_tool_path': None,
[36m(TaskRunner pid=1943)[0m           'image_key': 'images',
[36m(TaskRunner pid=1943)[0m           'image_patch_size': 14,
[36m(TaskRunner pid=1943)[0m           'max_prompt_length': 2048,
[36m(TaskRunner pid=1943)[0m           'max_response_length': 128,
[36m(TaskRunner pid=1943)[0m           'mm_processor_kwargs': {},
[36m(TaskRunner pid=1943)[0m           'prompt_key': 'prompt',
[36m(TaskRunner pid=1943)[0m           'return_full_prompt': False,
[36m(TaskRunner pid=1943)[0m           'return_multi_modal_inputs': True,
[36m(TaskRunner pid=1943)[0m           'return_raw_chat': True,
[36m(TaskRunner pid=1943)[0m           'return_raw_input_ids': False,
[36m(TaskRunner pid=1943)[0m           'reward_fn_key': 'data_source',
[36m(TaskRunner pid=1943)[0m           'seed': None,
[36m(TaskRunner pid=1943)[0m           'shuffle': False,
[36m(TaskRunner pid=1943)[0m           'tokenizer': None,
[36m(TaskRunner pid=1943)[0m           'tool_config_path': None,
[36m(TaskRunner pid=1943)[0m           'train_batch_size': 4,
[36m(TaskRunner pid=1943)[0m           'train_files': '/cache/data/eto_sdpo/train.parquet',
[36m(TaskRunner pid=1943)[0m           'train_max_samples': -1,
[36m(TaskRunner pid=1943)[0m           'truncation': 'error',
[36m(TaskRunner pid=1943)[0m           'trust_remote_code': False,
[36m(TaskRunner pid=1943)[0m           'use_shm': 
[36m(TaskRunner pid=1943)[0m False
[36m(TaskRunner pid=1943)[0m ,
[36m(TaskRunner pid=1943)[0m           
[36m(TaskRunner pid=1943)[0m 'val_batch_size'
[36m(TaskRunner pid=1943)[0m : None,
[36m(TaskRunner pid=1943)[0m           'val_files': '/cache/data/eto_sdpo/test.parquet',
[36m(TaskRunner pid=1943)[0m           'val_max_samples': -1,
[36m(TaskRunner pid=1943)[0m           'validation_shuffle': False,
[36m(TaskRunner pid=1943)[0m           'video_key': 'videos'},
[36m(TaskRunner pid=1943)[0m  'distillation': {'_target_': 'verl.workers.config.DistillationConfig',
[36m(TaskRunner pid=1943)[0m                   'distillation_loss': {'_target_': 'verl.workers.config.DistillationLossConfig',
[36m(TaskRunner pid=1943)[0m                                         'clip_ratio': 0.2,
[36m(TaskRunner pid=1943)[0m                                         'clip_ratio_high': 0.2,
[36m(TaskRunner pid=1943)[0m                                         'clip_ratio_low': 0.2,
[36m(TaskRunner pid=1943)[0m                                         'distillation_loss_coef': 1.0,
[36m(TaskRunner pid=1943)[0m                                         'log_prob_min_clamp': -10.0,
[36m(TaskRunner pid=1943)[0m                                         'loss_max_clamp': 10.0,
[36m(TaskRunner pid=1943)[0m                                         'loss_mode': 'k1',
[36m(TaskRunner pid=1943)[0m                                         'policy_loss_mode': 'vanilla',
[36m(TaskRunner pid=1943)[0m                                         'topk': 32,
[36m(TaskRunner pid=1943)[0m                                         'use_policy_gradient': True,
[36m(TaskRunner pid=1943)[0m                                         'use_task_rewards': True},
[36m(TaskRunner pid=1943)[0m                   'enabled': True,
[36m(TaskRunner pid=1943)[0m                   'n_gpus_per_node': 1,
[36m(TaskRunner pid=1943)[0m                   'nnodes': 1,
[36m(TaskRunner pid=1943)[0m                   'teacher_key': 'data_source',
[36m(TaskRunner pid=1943)[0m                   'teacher_models': {'teacher_model': {
[36m(TaskRunner pid=1943)[0m '_target_': 'verl.workers.config.DistillationTeacherModelConfig',
[36m(TaskRunner pid=1943)[0m                                                        'inference': {'_target_': 'verl.workers.config.RolloutConfig',
[36m(TaskRunner pid=1943)[0m                                                                      'cudagraph_capture_sizes': None,
[36m(TaskRunner pid=1943)[0m                                                                      'data_parallel_size': 1,
[36m(TaskRunner pid=1943)[0m                                                                      'disable_log_stats': True,
[36m(TaskRunner pid=1943)[0m                                                                      'dtype': 'bfloat16',
[36m(TaskRunner pid=1943)[0m                                                                      'enable_chunked_prefill': True,
[36m(TaskRunner pid=1943)[0m                                                                      'enable_prefix_caching': True,
[36m(TaskRunner pid=1943)[0m                                                                      'enforce_eager': True,
[36m(TaskRunner pid=1943)[0m                                                                      'engine_kwargs': {},
[36m(TaskRunner pid=1943)[0m                                                                      'expert_parallel_size': 1,
[36m(TaskRunner pid=1943)[0m                                                                      'free_cache_engine': True,
[36m(TaskRunner pid=1943)[0m                                                                      'gpu_memory_utilization': 0.9,
[36m(TaskRunner pid=1943)[0m                                                                      'limit_images': None,
[36m(TaskRunner pid=1943)[0m                                                                      'load_format': 'auto',
[36m(TaskRunner pid=1943)[0m                                                                      'max_model_len': 2177,
[36m(TaskRunner pid=1943)[0m                                                                      'max_num_batched_tokens': 2048,
[36m(TaskRunner pid=1943)[0m                                                                      'max_num_seqs': 1,
[36m(TaskRunner pid=1943)[0m                                                                      'name': 'vllm',
[36m(TaskRunner pid=1943)[0m                                                                      'prompt_length': 2048,
[36m(TaskRunner pid=1943)[0m                                                                      'response_length': 128,
[36m(TaskRunner pid=1943)[0m                                                                      'skip_tokenizer_init': True,
[36m(TaskRunner pid=1943)[0m                                                                      'temperature': 1.0,
[36m(TaskRunner pid=1943)[0m                                                                      'tensor_model_parallel_size'
[36m(TaskRunner pid=1943)[0m : 1
[36m(TaskRunner pid=1943)[0m }
[36m(TaskRunner pid=1943)[0m ,
[36m(TaskRunner pid=1943)[0m                                                        
[36m(TaskRunner pid=1943)[0m 'key'
[36m(TaskRunner pid=1943)[0m : 
[36m(TaskRunner pid=1943)[0m 'agent-eto/eto-sft-trajectory',
[36m(TaskRunner pid=1943)[0m                                                        'model_path': '/cache/models/Qwen_Qwen3_6-35B-A3B',
[36m(TaskRunner pid=1943)[0m                                                        'num_replicas': 1}}},
[36m(TaskRunner pid=1943)[0m  'global_profiler': {'_target_': 'verl.utils.profiler.ProfilerConfig',
[36m(TaskRunner pid=1943)[0m                      'global_tool_config': {'nsys': {'_target_': 'verl.utils.profiler.config.NsightToolConfig',
[36m(TaskRunner pid=1943)[0m                                                      'controller_nsight_options': {'cuda-graph-trace': 'graph',
[36m(TaskRunner pid=1943)[0m                                                                                    'cuda-memory-usage': 'true',
[36m(TaskRunner pid=1943)[0m                                                                                    'trace': 'cuda,nvtx,cublas,ucx'},
[36m(TaskRunner pid=1943)[0m                                                      'discrete': False,
[36m(TaskRunner pid=1943)[0m                                                      'worker_nsight_options': {'capture-range': 'cudaProfilerApi',
[36m(TaskRunner pid=1943)[0m                                                                                'capture-range-end': None,
[36m(TaskRunner pid=1943)[0m                                                                                'cuda-graph-trace': 'graph',
[36m(TaskRunner pid=1943)[0m                                                                                'cuda-memory-usage': 'true',
[36m(TaskRunner pid=1943)[0m                                                                                'kill': 'none',
[36m(TaskRunner pid=1943)[0m                                                                                'trace': 'cuda,nvtx,cublas,ucx'}},
[36m(TaskRunner pid=1943)[0m                                             'precision_debugger': {'_target_': 
[36m(TaskRunner pid=1943)[0m 'verl.utils.profiler.config.PrecisionDebuggerToolConfig',
[36m(TaskRunner pid=1943)[0m                                                                    'config_path': None,
[36m(TaskRunner pid=1943)[0m                                                                    'stages': None,
[36m(TaskRunner pid=1943)[0m                                                                    'steps': None,
[36m(TaskRunner pid=1943)[0m                                                                    'strict': False},
[36m(TaskRunner pid=1943)[0m                                             'torch_memory': {'context': 'all',
[36m(TaskRunner pid=1943)[0m                                                              'kw_args': {},
[36m(TaskRunner pid=1943)[0m                                                              'stack_depth': 32,
[36m(TaskRunner pid=1943)[0m                                                              'stacks': 'all',
[36m(TaskRunner pid=1943)[0m                                                              'trace_alloc_max_entries': 100000}},
[36m(TaskRunner pid=1943)[0m                      'profile_continuous_steps': False,
[36m(TaskRunner pid=1943)[0m                      'save_path': 'outputs/profile',
[36m(TaskRunner pid=1943)[0m                      'steps': None,
[36m(TaskRunner pid=1943)[0m                      'tool': None},
[36m(TaskRunner pid=1943)[0m  'model_engine': 'dp',
[36m(TaskRunner pid=1943)[0m  'ray_kwargs': {'ray_init': {'num_cpus': None}, 'timeline_json_file': None},
[36m(TaskRunner pid=1943)[0m  'reward': {'_target_': 'verl.workers.config.RewardConfig',
[36m(TaskRunner pid=1943)[0m             'custom_reward_function': 
[36m(TaskRunner pid=1943)[0m {'name': 
[36m(TaskRunner pid=1943)[0m 'compute_score'
[36m(TaskRunner pid=1943)[0m ,
[36m(TaskRunner pid=1943)[0m                                        
[36m(TaskRunner pid=1943)[0m 'path'
[36m(TaskRunner pid=1943)[0m : 
[36m(TaskRunner pid=1943)[0m '/cache/runtime/sdpo_reward.py'
[36m(TaskRunner pid=1943)[0m },
[36m(TaskRunner pid=1943)[0m             
[36m(TaskRunner pid=1943)[0m 'num_workers'
[36m(TaskRunner pid=1943)[0m : 
[36m(TaskRunner pid=1943)[0m 8,
[36m(TaskRunner pid=1943)[0m             'reward_manager': {'_target_': 'verl.workers.config.reward.RewardManagerConfig',
[36m(TaskRunner pid=1943)[0m                                'module': {'_target_': 'verl.trainer.config.config.ModuleConfig',
[36m(TaskRunner pid=1943)[0m                                           'name': 'custom_reward_manager',
[36m(TaskRunner pid=1943)[0m                                           'path': None},
[36m(TaskRunner pid=1943)[0m                                'name': 'naive',
[36m(TaskRunner pid=1943)[0m                                'source': 'register'},
[36m(TaskRunner pid=1943)[0m             'reward_model': {'_target_': 'verl.workers.config.RewardModelConfig',
[36m(TaskRunner pid=1943)[0m                              'enable': False,
[36m(TaskRunner pid=1943)[0m                              'enable_resource_pool': False,
[36m(TaskRunner pid=1943)[0m                              'model_path': None,
[36m(TaskRunner pid=1943)[0m                              'n_gpus_per_node': 8,
[36m(TaskRunner pid=1943)[0m                              'nnodes': 0,
[36m(TaskRunner pid=1943)[0m                              'rollout': {'_target_': 
[36m(TaskRunner pid=1943)[0m 'verl.workers.config.RolloutConfig'
[36m(TaskRunner pid=1943)[0m ,
[36m(TaskRunner pid=1943)[0m                                          
[36m(TaskRunner pid=1943)[0m 'cudagraph_capture_sizes': 
[36m(TaskRunner pid=1943)[0m None
[36m(TaskRunner pid=1943)[0m ,
[36m(TaskRunner pid=1943)[0m                                          
[36m(TaskRunner pid=1943)[0m 'data_parallel_size'
[36m(TaskRunner pid=1943)[0m : 
[36m(TaskRunner pid=1943)[0m 1
[36m(TaskRunner pid=1943)[0m ,
[36m(TaskRunner pid=1943)[0m                                          
[36m(TaskRunner pid=1943)[0m 'disable_log_stats': 
[36m(TaskRunner pid=1943)[0m True,
[36m(TaskRunner pid=1943)[0m                                          
[36m(TaskRunner pid=1943)[0m 'disaggregation'
[36m(TaskRunner pid=1943)[0m : 
[36m(TaskRunner pid=1943)[0m {'bootstrap_port': None,
[36m(TaskRunner pid=1943)[0m                                                             'decode_replicas': 1,
[36m(TaskRunner pid=1943)[0m                                                             'decode_tensor_model_parallel_size': None,
[36m(TaskRunner pid=1943)[0m                                                             'enabled': False,
[36m(TaskRunner pid=1943)[0m                                                             'ib_device': None,
[36m(TaskRunner pid=1943)[0m                                                             'prefill_replicas': 1,
[36m(TaskRunner pid=1943)[0m                                                             'transfer_backend': 'nixl'},
[36m(TaskRunner pid=1943)[0m                                          'do_sample': True,
[36m(TaskRunner pid=1943)[0m                                          'dtype': 'bfloat16',
[36m(TaskRunner pid=1943)[0m                                          'enable_chunked_prefill': True,
[36m(TaskRunner pid=1943)[0m                                          'enable_prefix_caching': True,
[36m(TaskRunner pid=1943)[0m                                          'enforce_eager': True,
[36m(TaskRunner pid=1943)[0m                                          'engine_kwargs': {},
[36m(TaskRunner pid=1943)[0m                                          'expert_parallel_size': 1,
[36m(TaskRunner pid=1943)[0m                                          'free_cache_engine': True,
[36m(TaskRunner pid=1943)[0m                                          'gpu_memory_utilization': 0.5,
[36m(TaskRunner pid=1943)[0m                                          'ignore_eos': False,[36m(TaskRunner pid=1943)[0m /opt/verl/verl/trainer/main_ppo.py:258: UserWarning: Disabled critic as algorithm.adv_estimator != gae. If it is not intended, please set critic.enable=True
[36m(TaskRunner pid=1943)[0m   use_critic=need_critic(config),
[36m(TaskRunner pid=1943)[0m [transformers] The `use_fast` parameter is deprecated and will be removed in a future version. Use `backend="torchvision"` instead of `use_fast=True`, or `backend="pil"` instead of `use_fast=False`.
[36m(TaskRunner pid=1943)[0m Filtering prompts longer than 2048 tokens:   0%|          | 0/8 [00:00<?, ? examples/s]
[36m(TaskRunner pid=1943)[0m Filtering prompts longer than 2048 tokens: 100%|██████████| 8/8 [00:00<00:00, 107.70 examples/s]
[36m(TaskRunner pid=1943)[0m Filtering prompts longer than 2048 tokens:   0%|          | 0/4 [00:00<?, ? examples/s]Filtering prompts longer than 2048 tokens: 100%|██████████| 4/4 [00:00<00:00, 189.21 examples/s]
[36m(TaskRunner pid=1943)[0m /opt/verl/verl/trainer/main_ppo.py:299: FutureWarning: Warning: Class 'verl.trainer.ppo.ray_trainer.RayPPOTrainer' is deprecated. Please use 'main_ppo.py is deprecated, and wil be replaced by main_ppo_sync.py in v0.8.0, please use main_ppo_sync.py instead.' instead.
[36m(TaskRunner pid=1943)[0m   trainer = RayPPOTrainer(
[36m(TaskRunner pid=1943)[0m /opt/verl/verl/trainer/ppo/ray_trainer.py:348: UserWarning: Disabled critic as algorithm.adv_estimator != gae. If it is not intended, please set critic.enable=True
[36m(TaskRunner pid=1943)[0m   self.use_critic = need_critic(self.config)
[36m(WorkerDict pid=2225)[0m Loading weights:   0%|          | 0/1026 [00:00<?, ?it/s]
[36m(WorkerDict pid=2225)[0m Loading weights:   3%|▎         | 33/1026 [00:00<00:03, 328.07it/s]
[36m(WorkerDict pid=2228)[0m Loading weights:  15%|█▍        | 151/1026 [00:01<00:10, 87.44it/s]Loading weights:  16%|█▋        | 167/1026 [00:01<00:07, 107.39it/s]
[36m(WorkerDict pid=2225)[0m Loading weights: 100%|██████████| 1026/1026 [00:02<00:00, 482.29it/s]
[36m(WorkerDict pid=2227)[0m Loading weights:  20%|█▉        | 204/1026 [00:02<00:05, 151.72it/s]Loading weights: 100%|██████████| 1026/1026 [00:02<00:00, 482.65it/s]

[36m(TaskRunner pid=1943)[0m                                          'layered_summon': False,
[36m(TaskRunner pid=1943)[0m                                          'limit_images': None,
[36m(TaskRunner pid=1943)[0m                                          'load_format': 'auto',
[36m(TaskRunner pid=1943)[0m                                          'max_model_len': None,
[36m(TaskRunner pid=1943)[0m                                          'max_num_batched_tokens': 8192,
[36m(TaskRunner pid=1943)[0m                                          'max_num_seqs': 1024,
[36m(TaskRunner pid=1943)[0m                                          'mtp': None
[36m(TaskRunner pid=1943)[0m ,
[36m(TaskRunner pid=1943)[0m                                          
[36m(TaskRunner pid=1943)[0m 'multi_stage_wake_up'
[36m(TaskRunner pid=1943)[0m : 
[36m(TaskRunner pid=1943)[0m False
[36m(TaskRunner pid=1943)[0m ,
[36m(TaskRunner pid=1943)[0m                                          'n'
[36m(TaskRunner pid=1943)[0m : 
[36m(TaskRunner pid=1943)[0m 1
[36m(TaskRunner pid=1943)[0m ,
[36m(TaskRunner pid=1943)[0m                                          
[36m(TaskRunner pid=1943)[0m 'name'
[36m(TaskRunner pid=1943)[0m : '???'
[36m(TaskRunner pid=1943)[0m ,
[36m(TaskRunner pid=1943)[0m                                          
[36m(TaskRunner pid=1943)[0m 'pipeline_model_parallel_size'
[36m(TaskRunner pid=1943)[0m : 
[36m(TaskRunner pid=1943)[0m 1
[36m(TaskRunner pid=1943)[0m ,
[36m(TaskRunner pid=1943)[0m                                          'prompt_length': 2048,
[36m(TaskRunner pid=1943)[0m                                          'quantization': None,
[36m(TaskRunner pid=1943)[0m                                          'quantization_config_file': None,
[36m(TaskRunner pid=1943)[0m                                          'response_length': 2048,
[36m(TaskRunner pid=1943)[0m                                          'scheduling_policy': 'fcfs',
[36m(TaskRunner pid=1943)[0m                                          'skip_tokenizer_init': False,
[36m(TaskRunner pid=1943)[0m                                          'temperature': 1.0,
[36m(TaskRunner pid=1943)[0m                                          'tensor_model_parallel_size': 2,
[36m(TaskRunner pid=1943)[0m                                          'top_k': -1,
[36m(TaskRunner pid=1943)[0m                                          'top_p': 1}},
[36m(TaskRunner pid=1943)[0m             'sandbox_fusion': {'_target_': 'verl.workers.config.SandboxFusionConfig',
[36m(TaskRunner pid=1943)[0m                                'max_concurrent': 64,
[36m(TaskRunner pid=1943)[0m                                'memory_limit_mb': 1024,
[36m(TaskRunner pid=1943)[0m                                'url': None}},
[36m(TaskRunner pid=1943)[0m  'trainer': {'balance_batch': False,
[36m(TaskRunner pid=1943)[0m              'critic_warmup': 0,
[36m(TaskRunner pid=1943)[0m              'default_hdfs_dir': None,
[36m(TaskRunner pid=1943)[0m              'default_local_dir': '/cache/checkpoints/eto_sdpo-sdpo-shell-20260611T055738Z',
[36m(TaskRunner pid=1943)[0m              'del_local_ckpt_after_load': False,
[36m(TaskRunner pid=1943)[0m              'device': 'cuda',
[36m(TaskRunner pid=1943)[0m              'esi_redundant_time': 0,
[36m(TaskRunner pid=1943)[0m              'experiment_name': 'eto_sdpo-sdpo-shell-20260611T055738Z',
[36m(TaskRunner pid=1943)[0m              'log_val_generations': 
[36m(TaskRunner pid=1943)[0m 0,
[36m(TaskRunner pid=1943)[0m              
[36m(TaskRunner pid=1943)[0m 'logger'
[36m(TaskRunner pid=1943)[0m : 'console',
[36m(TaskRunner pid=1943)[0m              
[36m(TaskRunner pid=1943)[0m 'max_actor_ckpt_to_keep'
[36m(TaskRunner pid=1943)[0m : 
[36m(TaskRunner pid=1943)[0m 1
[36m(TaskRunner pid=1943)[0m ,
[36m(TaskRunner pid=1943)[0m              'max_critic_ckpt_to_keep': None,
[36m(TaskRunner pid=1943)[0m              'n_gpus_per_node': 4,
[36m(TaskRunner pid=1943)[0m              'nnodes': 1,
[36m(TaskRunner pid=1943)[0m              'project_name': 'continuum_verl_sdpo',
[36m(TaskRunner pid=1943)[0m              'ray_wait_register_center_timeout': 300,
[36m(TaskRunner pid=1943)[0m              'resume_from_path': None,
[36m(TaskRunner pid=1943)[0m              'resume_mode': 'auto',
[36m(TaskRunner pid=1943)[0m              'rollout_data_dir': None,
[36m(TaskRunner pid=1943)[0m              'save_freq': -1,
[36m(TaskRunner pid=1943)[0m              'test_freq': -1,
[36m(TaskRunner pid=1943)[0m              'total_epochs': 5,
[36m(TaskRunner pid=1943)[0m              'total_training_steps': 5,
[36m(TaskRunner pid=1943)[0m              'val_before_train': False,
[36m(TaskRunner pid=1943)[0m              'val_only': False,
[36m(TaskRunner pid=1943)[0m              'validation_data_dir': None},
[36m(TaskRunner pid=1943)[0m  'transfer_queue': {'backend': {'MooncakeStore': {'auto_init': False,
[36m(TaskRunner pid=1943)[0m                                                   'device_name': '',
[36m(TaskRunner pid=1943)[0m                                                   'global_segment_size': 4294967296,
[36m(TaskRunner pid=1943)[0m                                                   'local_buffer_size': 1073741824,
[36m(TaskRunner pid=1943)[0m                                                   'local_hostname': 'localhost',
[36m(TaskRunner pid=1943)[0m                                                   'master_server_address': 'localhost:50124',
[36m(TaskRunner pid=1943)[0m                                                   'metadata_server': 'localhost:50123',
[36m(TaskRunner pid=1943)[0m                                                   
[36m(TaskRunner pid=1943)[0m 'protocol'
[36m(TaskRunner pid=1943)[0m : 
[36m(TaskRunner pid=1943)[0m 'tcp'
[36m(TaskRunner pid=1943)[0m }
[36m(TaskRunner pid=1943)[0m ,
[36m(TaskRunner pid=1943)[0m                                 
[36m(TaskRunner pid=1943)[0m 'SimpleStorage'
[36m(TaskRunner pid=1943)[0m : {'num_data_storage_units': 8,
[36m(TaskRunner pid=1943)[0m                                                   'total_storage_size': 100000},
[36m(TaskRunner pid=1943)[0m                                 'storage_backend': 'SimpleStorage'},
[36m(TaskRunner pid=1943)[0m                     'enable': False,
[36m(TaskRunner pid=1943)[0m                     'metrics': {'enabled': False, 'port': 0}}}
[36m(TaskRunner pid=1943)[0m [validate_config] All configuration checks passed successfully!
[36m(TaskRunner pid=1943)[0m Using dataset class: RLHFDataset
[36m(TaskRunner pid=1943)[0m dataset len: 8
[36m(TaskRunner pid=1943)[0m filter dataset len: 6
[36m(TaskRunner pid=1943)[0m Using dataset class: RLHFDataset
[36m(TaskRunner pid=1943)[0m dataset len: 4
[36m(TaskRunner pid=1943)[0m filter dataset len: 3
[36m(TaskRunner pid=1943)[0m Size of train dataloader: 1, Size of val dataloader: 1
[36m(TaskRunner pid=1943)[0m Total training steps: 5
[36m(TaskRunner pid=1943)[0m colocated worker base class <class 'verl.single_controller.base.worker.Worker'>
[36m(WorkerDict pid=2225)[0m [Gloo] Rank 0 is connected to 3 peer ranks. Expected number of connected peer ranks is : 3
[36m(WorkerDict pid=2225)[0m Warning: Failed to set NUMA affinity: Unknown Error
[36m(WorkerDict pid=2225)[0m Only support config type of dict_keys(['qwen2', 'llama', 'qwen2_moe', 'qwen2_vl', 'qwen2_5_vl', 'qwen3', 'qwen3_moe', 'qwen3_vl', 'qwen3_vl_moe', 'deepseek_v3', 'minicpmv', 'minicpmo', 'mistral', 'gemma3_text', 'seed_oss', 'apertus', 'glm4v', 'gpt_oss', 'mimo']), but got qwen3_5_moe. MFU will always be zero.
[36m(WorkerDict pid=2225)[0m Monkey patch state_dict in AutoModelForCausalLMWithValueHead. 
[36m(WorkerDict pid=2225)[0m Monkey patch Qwen3_5MoeForConditionalGeneration model forward
[36m(WorkerDict pid=2225)[0m Monkey patch _flash_attention_forward in transformers.integrations.flash_attention
[36m(WorkerDict pid=2225)[0m Skipping monkey patch for Qwen3_5MoeForConditionalGeneration as use_fused_kernels is False or fused_kernels_backend is torch[36m(WorkerDict pid=2226)[0m /opt/verl/verl/workers/engine/fsdp/transformer_impl.py:443: FutureWarning: FSDP.state_dict_type() and FSDP.set_state_dict_type() are being deprecated. Please use APIs, get_state_dict() and set_state_dict(), which can support different parallelisms, FSDP1, FSDP2, DDP. API doc: https://pytorch.org/docs/stable/distributed.checkpoint.html#torch.distributed.checkpoint.state_dict.get_state_dict .Tutorial: https://pytorch.org/tutorials/recipes/distributed_checkpoint_recipe.html .
[36m(WorkerDict pid=2226)[0m   FSDP.set_state_dict_type(
[36m(WorkerDict pid=2228)[0m Loading weights:   0%|          | 0/1026 [00:00<?, ?it/s][32m [repeated 3x across cluster][0m
[36m(WorkerDict pid=2228)[0m Loading weights:  20%|█▉        | 202/1026 [00:02<00:06, 136.71it/s][32m [repeated 71x across cluster][0m
[36m(WorkerDict pid=2228)[0m Loading weights: 100%|██████████| 1026/1026 [00:02<00:00, 472.00it/s][32m [repeated 2x across cluster][0m
[36m(WorkerDict pid=2225)[0m Modular Diffusers is currently an experimental feature under active development. The API is subject to breaking changes in future releases.
[36m(WorkerDict pid=2225)[0m /opt/verl/verl/workers/engine/fsdp/transformer_impl.py:443: FutureWarning: FSDP.state_dict_type() and FSDP.set_state_dict_type() are being deprecated. Please use APIs, get_state_dict() and set_state_dict(), which can support different parallelisms, FSDP1, FSDP2, DDP. API doc: https://pytorch.org/docs/stable/distributed.checkpoint.html#torch.distributed.checkpoint.state_dict.get_state_dict .Tutorial: https://pytorch.org/tutorials/recipes/distributed_checkpoint_recipe.html .[32m [repeated 3x across cluster][0m
[36m(WorkerDict pid=2225)[0m   FSDP.set_state_dict_type([32m [repeated 3x across cluster][0m
[36m(WorkerDict pid=2225)[0m [transformers] `Siglip2ImageProcessorFast` is deprecated. The `Fast` suffix for image processors has been removed; use `Siglip2ImageProcessor` instead.
[36m(TaskRunner pid=1943)[0m Modular Diffusers is currently an experimental feature under active development. The API is subject to breaking changes in future releases.
[36m(WorkerDict pid=2228)[0m [transformers] `Qwen2VLImageProcessorFast` is deprecated. The `Fast` suffix for image processors has been removed; use `Qwen2VLImageProcessor` instead.[32m [repeated 7x across cluster][0m
[36m(CheckpointEngineWorker pid=3431)[0m Modular Diffusers is currently an experimental feature under active development. The API is subject to breaking changes in future releases.
[36m(TaskRunner pid=1943)[0m [transformers] `Qwen2VLImageProcessorFast` is deprecated. The `Fast` suffix for image processors has been removed; use `Qwen2VLImageProcessor` instead.[32m [repeated 2x across cluster][0m
[36m(pid=3579)[0m Modular Diffusers is currently an experimental feature under active development. The API is subject to breaking changes in future releases.
[36m(CheckpointEngineWorker pid=3431)[0m [transformers] `Qwen2VLImageProcessorFast` is deprecated. The `Fast` suffix for image processors has been removed; use `Qwen2VLImageProcessor` instead.[32m [repeated 2x across cluster][0m
[36m(vLLMHttpServer pid=3579)[0m [transformers] The `use_fast` parameter is deprecated and will be removed in a future version. Use `backend="torchvision"` instead of `use_fast=True`, or `backend="pil"` instead of `use_fast=False`.
[36m(pid=3579)[0m [transformers] `Qwen2VLImageProcessorFast` is deprecated. The `Fast` suffix for image processors has been removed; use `Qwen2VLImageProcessor` instead.[32m [repeated 2x across cluster][0m
[36m(vLLMHttpServer pid=3579)[0m Modular Diffusers is currently an experimental feature under active development. The API is subject to breaking changes in future releases.
[36m(vLLMHttpServer pid=3579)[0m [transformers] `Siglip2ImageProcessorFast` is deprecated. The `Fast` suffix for image processors has been removed; use `Siglip2ImageProcessor` instead.
[36m(vLLMHttpServer pid=3579)[0m Modular Diffusers is currently an experimental feature under active development. The API is subject to breaking changes in future releases.
[36m(vLLMHttpServer pid=3579)[0m [transformers] `Siglip2ImageProcessorFast` is deprecated. The `Fast` suffix for image processors has been removed; use `Siglip2ImageProcessor` instead.
[36m(vLLMHttpServer pid=3579)[0m [transformers] `Qwen2VLImageProcessorFast` is deprecated. The `Fast` suffix for image processors has been removed; use `Qwen2VLImageProcessor` instead.
[36m(vLLMHttpServer pid=3579)[0m (Worker pid=3856) [transformers] The `use_fast` parameter is deprecated and will be removed in a future version. Use `backend="torchvision"` instead of `use_fast=True`, or `backend="pil"` instead of `use_fast=False`.
[36m(vLLMHttpServer pid=3579)[0m (Worker pid=3856) Loading safetensors checkpoint shards:   0% Completed | 0/26 [00:00<?, ?it/s]
[36m(vLLMHttpServer pid=3579)[0m (Worker pid=3856) Loading safetensors checkpoint shards:   4% Completed | 1/26 [00:00<00:16,  1.47it/s]
[36m(vLLMHttpServer pid=3579)[0m (Worker pid=3856) Loading safetensors checkpoint shards:   8% Completed | 2/26 [00:01<00:12,  1.91it/s]
[36m(vLLMHttpServer pid=3579)[0m (Worker pid=3856) Loading safetensors checkpoint shards:  12% Completed | 3/26 [00:01<00:13,  1.71it/s]
[36m(vLLMHttpServer pid=3579)[0m (Worker pid=3856) Loading safetensors checkpoint shards:  15% Completed | 4/26 [00:02<00:14,  1.54it/s]
[36m(vLLMHttpServer pid=3579)[0m (Worker pid=3856) Loading safetensors checkpoint shards:  19% Completed | 5/26 [00:03<00:14,  1.47it/s]
[36m(vLLMHttpServer pid=3579)[0m (Worker pid=3856) Loading safetensors checkpoint shards:  23% Completed | 6/26 [00:04<00:15,  1.27it/s]
[36m(vLLMHttpServer pid=3579)[0m (Worker pid=3856) Loading safetensors checkpoint shards:  27% Completed | 7/26 [00:04<00:12,  1.53it/s]
[36m(vLLMHttpServer pid=3579)[0m (Worker pid=3856) Loading safetensors checkpoint shards:  31% Completed | 8/26 [00:05<00:13,  1.37it/s]
[36m(vLLMHttpServer pid=3579)[0m (Worker pid=3856) Loading safetensors checkpoint shards:  35% Completed | 9/26 [00:05<00:10,  1.62it/s]
[36m(vLLMHttpServer pid=3579)[0m (Worker pid=3856) Loading safetensors checkpoint shards:  38% Completed | 10/26 [00:06<00:10,  1.52it/s]
[36m(vLLMHttpServer pid=3579)[0m (Worker pid=3856) Loading safetensors checkpoint shards:  42% Completed | 11/26 [00:06<00:08,  1.76it/s]
[36m(vLLMHttpServer pid=3579)[0m (Worker pid=3856) Loading safetensors checkpoint shards:  46% Completed | 12/26 [00:07<00:08,  1.69it/s]
[36m(vLLMHttpServer pid=3579)[0m (Worker pid=3856) Loading safetensors checkpoint shards:  50% Completed | 13/26 [00:08<00:07,  1.82it/s]
[36m(vLLMHttpServer pid=3579)[0m (Worker pid=3856) Loading safetensors checkpoint shards:  54% Completed | 14/26 [00:08<00:07,  1.63it/s]
[36m(vLLMHttpServer pid=3579)[0m (Worker pid=3856) Loading safetensors checkpoint shards:  58% Completed | 15/26 [00:09<00:06,  1.74it/s]
[36m(vLLMHttpServer pid=3579)[0m (Worker pid=3856) Loading safetensors checkpoint shards:  62% Completed | 16/26 [00:10<00:06,  1.57it/s]
[36m(vLLMHttpServer pid=3579)[0m (Worker pid=3856) Loading safetensors checkpoint shards:  65% Completed | 17/26 [00:10<00:05,  1.80it/s]
[36m(vLLMHttpServer pid=3579)[0m (Worker pid=3856) Loading safetensors checkpoint shards:  69% Completed | 18/26 [00:11<00:04,  1.63it/s]
[36m(vLLMHttpServer pid=3579)[0m (Worker pid=3856) Loading safetensors checkpoint shards:  73% Completed | 19/26 [00:11<00:03,  1.85it/s]
[36m(vLLMHttpServer pid=3579)[0m (Worker pid=3856) Loading safetensors checkpoint shards:  77% Completed | 20/26 [00:12<00:03,  1.74it/s]
[36m(vLLMHttpServer pid=3579)[0m (Worker pid=3856) Loading safetensors checkpoint shards:  81% Completed | 21/26 [00:12<00:02,  1.87it/s]
[36m(vLLMHttpServer pid=3579)[0m (Worker pid=3856) Loading safetensors checkpoint shards:  85% Completed | 22/26 [00:13<00:02,  1.74it/s]
[36m(vLLMHttpServer pid=3579)[0m (Worker pid=3856) Loading safetensors checkpoint shards:  88% Completed | 23/26 [00:14<00:01,  1.52it/s]
[36m(vLLMHttpServer pid=3579)[0m (Worker pid=3856) Loading safetensors checkpoint shards:  92% Completed | 24/26 [00:14<00:01,  1.45it/s]
[36m(vLLMHttpServer pid=3579)[0m (Worker pid=3856) Loading safetensors checkpoint shards:  96% Completed | 25/26 [00:15<00:00,  1.49it/s]
[36m(vLLMHttpServer pid=3579)[0m (Worker pid=3856) Loading safetensors checkpoint shards: 100% Completed | 26/26 [00:16<00:00,  1.66it/s]
[36m(vLLMHttpServer pid=3579)[0m (Worker pid=3856) Loading safetensors checkpoint shards: 100% Completed | 26/26 [00:16<00:00,  1.62it/s]
[36m(vLLMHttpServer pid=3579)[0m (Worker pid=3856) 
[36m(vLLMHttpServer pid=3579)[0m (Worker pid=3856) 2026-06-11 14:03:20,466 - INFO - autotuner.py:262 - flashinfer.jit: [Autotuner]: Autotuning process starts ...
[36m(vLLMHttpServer pid=3579)[0m (Worker pid=3856) 2026-06-11 14:03:20,656 - INFO - autotuner.py:268 - flashinfer.jit: [Autotuner]: Autotuning process ends
[36m(vLLMHttpServer pid=3579)[0m (EngineCore pid=3767) [transformers] `Qwen2VLImageProcessorFast` is deprecated. The `Fast` suffix for image processors has been removed; use `Qwen2VLImageProcessor` instead.
[36m(vLLMHttpServer pid=3579)[0m (EngineCore pid=3767) [transformers] The `use_fast` parameter is deprecated and will be removed in a future version. Use `backend="torchvision"` instead of `use_fast=True`, or `backend="pil"` instead of `use_fast=False`.
[36m(GlobalRequestLoadBalancer pid=4216)[0m Modular Diffusers is currently an experimental feature under active development. The API is subject to breaking changes in future releases.
[36m(GlobalRequestLoadBalancer pid=4216)[0m [transformers] `Siglip2ImageProcessorFast` is deprecated. The `Fast` suffix for image processors has been removed; use `Siglip2ImageProcessor` instead.
[36m(GlobalRequestLoadBalancer pid=4216)[0m W0611 14:04:01.997000 4216 site-packages/torch/utils/cpp_extension.py:118] No CUDA runtime is found, using CUDA_HOME='/usr/local/cuda'

[36m(WorkerDict pid=2225)[0m Qwen3_5MoeForConditionalGeneration contains 35.11B parameters
[36m(WorkerDict pid=2225)[0m Before FSDP, memory allocated (GB): 0.00, memory reserved (GB): 0.00, device memory used/total (GB): 0.61/139.80
[36m(WorkerDict pid=2228)[0m [Gloo] Rank 3 is connected to 3 peer ranks. Expected number of connected peer ranks is : 3[32m [repeated 3x across cluster] (Ray deduplicates logs by default. Set RAY_DEDUP_LOGS=0 to disable log deduplication, or see https://docs.ray.io/en/master/ray-observability/user-guides/configure-logging.html#log-deduplication for more options.)[0m
[36m(WorkerDict pid=2228)[0m Warning: Failed to set NUMA affinity: Unknown Error[32m [repeated 3x across cluster][0m
[36m(WorkerDict pid=2228)[0m Only support config type of dict_keys(['qwen2', 'llama', 'qwen2_moe', 'qwen2_vl', 'qwen2_5_vl', 'qwen3', 'qwen3_moe', 'qwen3_vl', 'qwen3_vl_moe', 'deepseek_v3', 'minicpmv', 'minicpmo', 'mistral', 'gemma3_text', 'seed_oss', 'apertus', 'glm4v', 'gpt_oss', 'mimo']), but got qwen3_5_moe. MFU will always be zero.[32m [repeated 3x across cluster][0m
[36m(WorkerDict pid=2225)[0m After FSDP, memory allocated (GB): 16.35, memory reserved (GB): 23.33, device memory used/total (GB): 24.80/139.80
[36m(WorkerDict pid=2225)[0m Total steps: 5, num_warmup_steps: 0
[36m(WorkerDict pid=2228)[0m Monkey patch state_dict in AutoModelForCausalLMWithValueHead. [32m [repeated 3x across cluster][0m
[36m(WorkerDict pid=2228)[0m Monkey patch Qwen3_5MoeForConditionalGeneration model forward[32m [repeated 3x across cluster][0m
[36m(WorkerDict pid=2228)[0m Monkey patch _flash_attention_forward in transformers.integrations.flash_attention[32m [repeated 3x across cluster][0m
[36m(WorkerDict pid=2228)[0m Skipping monkey patch for Qwen3_5MoeForConditionalGeneration as use_fused_kernels is False or fused_kernels_backend is torch[32m [repeated 3x across cluster][0m
[36m(WorkerDict pid=2227)[0m [Gloo] Rank 0 is connected to 0 peer ranks. Expected number of connected peer ranks is : 0
[36m(WorkerDict pid=2227)[0m [Gloo] Rank 0 is connected to 0 peer ranks. Expected number of connected peer ranks is : 0
[36m(WorkerDict pid=2225)[0m NCCL version 2.27.5+cuda12.9
[36m(CheckpointEngineWorker pid=3431)[0m [Gloo] Rank 0 is connected to 0 peer ranks. Expected number of connected peer ranks is : 0[32m [repeated 7x across cluster][0m
[36m(vLLMHttpServer pid=3579)[0m ['serve',
[36m(vLLMHttpServer pid=3579)[0m  '/cache/models/Qwen_Qwen3_6-35B-A3B',
[36m(vLLMHttpServer pid=3579)[0m  '--dtype',
[36m(vLLMHttpServer pid=3579)[0m  'bfloat16',
[36m(vLLMHttpServer pid=3579)[0m  '--load_format',
[36m(vLLMHttpServer pid=3579)[0m  'auto',
[36m(vLLMHttpServer pid=3579)[0m  '--distributed_executor_backend',
[36m(vLLMHttpServer pid=3579)[0m  'mp',
[36m(vLLMHttpServer pid=3579)[0m  '--worker_extension_cls',
[36m(vLLMHttpServer pid=3579)[0m  'verl.workers.rollout.vllm_rollout.utils.vLLMColocateWorkerExtension',
[36m(vLLMHttpServer pid=3579)[0m  '--max_model_len',
[36m(vLLMHttpServer pid=3579)[0m  '2177',
[36m(vLLMHttpServer pid=3579)[0m  '--max_num_seqs',
[36m(vLLMHttpServer pid=3579)[0m  '1',
[36m(vLLMHttpServer pid=3579)[0m  '--enable_chunked_prefill',
[36m(vLLMHttpServer pid=3579)[0m  '--max_num_batched_tokens',
[36m(vLLMHttpServer pid=3579)[0m  '2048',
[36m(vLLMHttpServer pid=3579)[0m  '--enable_prefix_caching',
[36m(vLLMHttpServer pid=3579)[0m  '--enable_sleep_mode',
[36m(vLLMHttpServer pid=3579)[0m  '--logprobs_mode',
[36m(vLLMHttpServer pid=3579)[0m  'processed_logprobs',
[36m(vLLMHttpServer pid=3579)[0m  '--enforce_eager',
[36m(vLLMHttpServer pid=3579)[0m  '--gpu_memory_utilization',
[36m(vLLMHttpServer pid=3579)[0m  '0.9',
[36m(vLLMHttpServer pid=3579)[0m  '--disable_log_stats',
[36m(vLLMHttpServer pid=3579)[0m  '--tensor_parallel_size',
[36m(vLLMHttpServer pid=3579)[0m  '1',
[36m(vLLMHttpServer pid=3579)[0m  '--seed',
[36m(vLLMHttpServer pid=3579)[0m  '0',
[36m(vLLMHttpServer pid=3579)[0m  '--override_generation_config',
[36m(vLLMHttpServer pid=3579)[0m  '{"temperature": 1.0, "top_k": -1, "top_p": 1.0, "repetition_penalty": 1.0, '
[36m(vLLMHttpServer pid=3579)[0m  '"max_new_tokens": 1}',
[36m(vLLMHttpServer pid=3579)[0m  '--hf_overrides',
[36m(vLLMHttpServer pid=3579)[0m  '{}',
[36m(vLLMHttpServer pid=3579)[0m  '--scheduling_policy',
[36m(vLLMHttpServer pid=3579)[0m  'fcfs',
[36m(vLLMHttpServer pid=3579)[0m  '--compilation_config',
[36m(vLLMHttpServer pid=3579)[0m  '{"cudagraph_mode": "FULL_AND_PIECEWISE"}']
[36m(vLLMHttpServer pid=3579)[0m WARNING 06-11 14:01:46 [config.py:441] Mamba cache mode is set to 'align' for Qwen3_5MoeForConditionalGeneration by default when prefix caching is enabled
[36m(vLLMHttpServer pid=3579)[0m WARNING 06-11 14:01:46 [vllm.py:848] Enforce eager set, disabling torch.compile and CUDAGraphs. This is equivalent to setting -cc.mode=none -cc.cudagraph_mode=none
[36m(vLLMHttpServer pid=3579)[0m WARNING 06-11 14:01:46 [vllm.py:859] Inductor compilation was disabled by user settings, optimizations settings that are only active during inductor compilation will be ignored.
[36m(vLLMHttpServer pid=3579)[0m WARNING 06-11 14:01:55 [system_utils.py:152] We must use the `spawn` multiprocessing start method. Overriding VLLM_WORKER_MULTIPROC_METHOD to 'spawn'. See https://docs.vllm.ai/en/latest/usage/troubleshooting.html#python-multiprocessing for more information. Reasons: In a Ray actor and can only be spawned; CUDA is initialized
[36m(vLLMHttpServer pid=3579)[0m (Worker pid=3856) WARNING 06-11 14:03:15 [fused_moe.py:1090] Using default MoE config. Performance might be sub-optimal! Config file not found at /usr/local/lib/python3.12/site-packages/vllm/model_executor/layers/fused_moe/configs/E=256,N=512,device_name=NVIDIA_H200.json
[36m(vLLMHttpServer pid=3579)[0m (EngineCore pid=3767) WARNING 06-11 14:03:30 [vllm.py:848] Enforce eager set, disabling torch.compile and CUDAGraphs. This is equivalent to setting -cc.mode=none -cc.cudagraph_mode=none
[36m(vLLMHttpServer pid=3579)[0m (EngineCore pid=3767) WARNING 06-11 14:03:30 [vllm.py:859] Inductor compilation was disabled by user settings, optimizations settings that are only active during inductor compilation will be ignored.
[36m(vLLMHttpServer pid=3579)[0m WARNING 06-11 14:03:30 [api_router.py:30] LoRA dynamic loading & unloading is enabled in the API server. This should ONLY be used for local development!
[36m(vLLMHttpServer pid=3579)[0m WARNING 06-11 14:03:30 [model.py:1435] Default vLLM sampling parameters have been overridden by the model's `generation_config.json`: `{'repetition_penalty': 1.0, 'temperature': 1.0, 'top_k': -1, 'top_p': 1.0, 'max_tokens': 1}`. If this is not intended, please relaunch vLLM instance with `--generation-config vllm`.
[36m(vLLMHttpServer pid=4217)[0m ['serve',
[36m(vLLMHttpServer pid=4217)[0m  '/cache/models/Qwen_Qwen3_6-35B-A3B',
[36m(vLLMHttpServer pid=4217)[0m  '--dtype',
[36m(vLLMHttpServer pid=4217)[0m  'bfloat16',
[36m(vLLMHttpServer pid=4217)[0m  '--load_format',
[36m(vLLMHttpServer pid=4217)[0m  'dummy',
[36m(vLLMHttpServer pid=4217)[0m  '--distributed_executor_backend',
[36m(vLLMHttpServer pid=4217)[0m  'mp',
[36m(vLLMHttpServer pid=4217)[0m  '--worker_extension_cls',
[36m(vLLMHttpServer pid=4217)[0m  'verl.workers.rollout.vllm_rollout.utils.vLLMColocateWorkerExtension',
[36m(vLLMHttpServer pid=4217)[0m  '--trust_remote_code',
[36m(vLLMHttpServer pid=4217)[0m  '--max_model_len',
[36m(vLLMHttpServer pid=4217)[0m  '2177',
[36m(vLLMHttpServer pid=4217)[0m  '--max_num_seqs',
[36m(vLLMHttpServer pid=4217)[0m  '1',
[36m(vLLMHttpServer pid=4217)[0m  '--enable_chunked_prefill',
[36m(vLLMHttpServer pid=4217)[0m  '--max_num_batched_tokens',
[36m(vLLMHttpServer pid=4217)[0m  '2048',
[36m(vLLMHttpServer pid=4217)[0m  '--enable_prefix_caching',
[36m(vLLMHttpServer pid=4217)[0m  '--enable_sleep_mode',
[36m(vLLMHttpServer pid=4217)[0m  '--logprobs_mode',
[36m(vLLMHttpServer pid=4217)[0m  'processed_logprobs',
[36m(vLLMHttpServer pid=4217)[0m  '--gpu_memory_utilization',
[36m(vLLMHttpServer pid=4217)[0m  '0.35',[36m(vLLMHttpServer pid=4217)[0m <frozen importlib._bootstrap_external>:1301: FutureWarning: The cuda.cudart module is deprecated and will be removed in a future release, please switch to use the cuda.bindings.runtime module instead.
[36m(vLLMHttpServer pid=4217)[0m <frozen importlib._bootstrap_external>:1301: FutureWarning: The cuda.nvrtc module is deprecated and will be removed in a future release, please switch to use the cuda.bindings.nvrtc module instead.
[36m(pid=4217)[0m Modular Diffusers is currently an experimental feature under active development. The API is subject to breaking changes in future releases.
[36m(pid=4217)[0m [transformers] `Qwen2VLImageProcessorFast` is deprecated. The `Fast` suffix for image processors has been removed; use `Qwen2VLImageProcessor` instead.[32m [repeated 3x across cluster][0m
[36m(vLLMHttpServer pid=4217)[0m [transformers] The `use_fast` parameter is deprecated and will be removed in a future version. Use `backend="torchvision"` instead of `use_fast=True`, or `backend="pil"` instead of `use_fast=False`.
[36m(vLLMHttpServer pid=4217)[0m Modular Diffusers is currently an experimental feature under active development. The API is subject to breaking changes in future releases.
[36m(vLLMHttpServer pid=4217)[0m [transformers] `Siglip2ImageProcessorFast` is deprecated. The `Fast` suffix for image processors has been removed; use `Siglip2ImageProcessor` instead.
[36m(vLLMHttpServer pid=4217)[0m Modular Diffusers is currently an experimental feature under active development. The API is subject to breaking changes in future releases.
[36m(vLLMHttpServer pid=4217)[0m Modular Diffusers is currently an experimental feature under active development. The API is subject to breaking changes in future releases.
[36m(vLLMHttpServer pid=4217)[0m Modular Diffusers is currently an experimental feature under active development. The API is subject to breaking changes in future releases.
[36m(vLLMHttpServer pid=4217)[0m Modular Diffusers is currently an experimental feature under active development. The API is subject to breaking changes in future releases.
[36m(vLLMHttpServer pid=4217)[0m [transformers] `Siglip2ImageProcessorFast` is deprecated. The `Fast` suffix for image processors has been removed; use `Siglip2ImageProcessor` instead.
[36m(vLLMHttpServer pid=4217)[0m [transformers] `Siglip2ImageProcessorFast` is deprecated. The `Fast` suffix for image processors has been removed; use `Siglip2ImageProcessor` instead.
[36m(vLLMHttpServer pid=4217)[0m [transformers] `Siglip2ImageProcessorFast` is deprecated. The `Fast` suffix for image processors has been removed; use `Siglip2ImageProcessor` instead.
[36m(vLLMHttpServer pid=4217)[0m [transformers] `Siglip2ImageProcessorFast` is deprecated. The `Fast` suffix for image processors has been removed; use `Siglip2ImageProcessor` instead.
[36m(vLLMHttpServer pid=4217)[0m [transformers] `Qwen2VLImageProcessorFast` is deprecated. The `Fast` suffix for image processors has been removed; use `Qwen2VLImageProcessor` instead.
[36m(vLLMHttpServer pid=4217)[0m [transformers] `Qwen2VLImageProcessorFast` is deprecated. The `Fast` suffix for image processors has been removed; use `Qwen2VLImageProcessor` instead.
[36m(vLLMHttpServer pid=4217)[0m [transformers] `Qwen2VLImageProcessorFast` is deprecated. The `Fast` suffix for image processors has been removed; use `Qwen2VLImageProcessor` instead.
[36m(vLLMHttpServer pid=4217)[0m [transformers] `Qwen2VLImageProcessorFast` is deprecated. The `Fast` suffix for image processors has been removed; use `Qwen2VLImageProcessor` instead.
[36m(vLLMHttpServer pid=4217)[0m (Worker pid=4593) <frozen importlib._bootstrap_external>:1301: FutureWarning: The cuda.cudart module is deprecated and will be removed in a future release, please switch to use the cuda.bindings.runtime module instead.
[36m(vLLMHttpServer pid=4217)[0m (Worker pid=4593) <frozen importlib._bootstrap_external>:1301: FutureWarning: The cuda.nvrtc module is deprecated and will be removed in a future release, please switch to use the cuda.bindings.nvrtc module instead.
[36m(vLLMHttpServer pid=4217)[0m (Worker pid=4594) <frozen importlib._bootstrap_external>:1301: FutureWarning: The cuda.cudart module is deprecated and will be removed in a future release, please switch to use the cuda.bindings.runtime module instead.
[36m(vLLMHttpServer pid=4217)[0m (Worker pid=4594) <frozen importlib._bootstrap_external>:1301: FutureWarning: The cuda.nvrtc module is deprecated and will be removed in a future release, please switch to use the cuda.bindings.nvrtc module instead.
[36m(vLLMHttpServer pid=4217)[0m (Worker pid=4595) <frozen importlib._bootstrap_external>:1301: FutureWarning: The cuda.cudart module is deprecated and will be removed in a future release, please switch to use the cuda.bindings.runtime module instead.
[36m(vLLMHttpServer pid=4217)[0m (Worker pid=4595) <frozen importlib._bootstrap_external>:1301: FutureWarning: The cuda.nvrtc module is deprecated and will be removed in a future release, please switch to use the cuda.bindings.nvrtc module instead.
[36m(vLLMHttpServer pid=4217)[0m (Worker pid=4596) <frozen importlib._bootstrap_external>:1301: FutureWarning: The cuda.cudart module is deprecated and will be removed in a future release, please switch to use the cuda.bindings.runtime module instead.
[36m(vLLMHttpServer pid=4217)[0m (Worker pid=4596) <frozen importlib._bootstrap_external>:1301: FutureWarning: The cuda.nvrtc module is deprecated and will be removed in a future release, please switch to use the cuda.bindings.nvrtc module instead.
[36m(vLLMHttpServer pid=4217)[0m (Worker pid=4596) [transformers] The `use_fast` parameter is deprecated and will be removed in a future version. Use `backend="torchvision"` instead of `use_fast=True`, or `backend="pil"` instead of `use_fast=False`.
[36m(vLLMHttpServer pid=4217)[0m (Worker pid=4595) [transformers] The `use_fast` parameter is deprecated and will be removed in a future version. Use `backend="torchvision"` instead of `use_fast=True`, or `backend="pil"` instead of `use_fast=False`.
[36m(vLLMHttpServer pid=4217)[0m (Worker pid=4593) [transformers] The `use_fast` parameter is deprecated and will be removed in a future version. Use `backend="torchvision"` instead of `use_fast=True`, or `backend="pil"` instead of `use_fast=False`.
[36m(vLLMHttpServer pid=4217)[0m (Worker pid=4594) [transformers] The `use_fast` parameter is deprecated and will be removed in a future version. Use `backend="torchvision"` instead of `use_fast=True`, or `backend="pil"` instead of `use_fast=False`.
[36m(vLLMHttpServer pid=4217)[0m (Worker_TP0_EP0 pid=4593) /usr/local/lib/python3.12/site-packages/torch/distributed/c10d_logger.py:83: UserWarning: barrier(): using the device under current context. You can specify `device_id` in `init_process_group` to mute this warning.
[36m(vLLMHttpServer pid=4217)[0m (Worker_TP0_EP0 pid=4593)   return func(*args, **kwargs)
[36m(vLLMHttpServer pid=4217)[0m (Worker_TP0_EP0 pid=4593) /usr/local/lib/python3.12/site-packages/torch/distributed/c10d_logger.py:83: UserWarning: barrier(): using the device under current context. You can specify `device_id` in `init_process_group` to mute this warning.
[36m(vLLMHttpServer pid=4217)[0m (Worker_TP0_EP0 pid=4593)   return func(*args, **kwargs)
[36m(vLLMHttpServer pid=4217)[0m (Worker_TP2_EP2 pid=4595) 2026-06-11 14:07:05,044 - INFO - autotuner.py:262 - flashinfer.jit: [Autotuner]: Autotuning process starts ...
[36m(vLLMHttpServer pid=4217)[0m (Worker_TP1_EP1 pid=4594) 2026-06-11 14:07:05,045 - INFO - autotuner.py:262 - flashinfer.jit: [Autotuner]: Autotuning process starts ...
[36m(vLLMHttpServer pid=4217)[0m (Worker_TP0_EP0 pid=4593) 2026-06-11 14:07:05,047 - INFO - autotuner.py:262 - flashinfer.jit: [Autotuner]: Autotuning process starts ...
[36m(vLLMHttpServer pid=4217)[0m (Worker_TP3_EP3 pid=4596) 2026-06-11 14:07:05,048 - INFO - autotuner.py:262 - flashinfer.jit: [Autotuner]: Autotuning process starts ...
[36m(vLLMHttpServer pid=4217)[0m (Worker_TP1_EP1 pid=4594) 2026-06-11 14:07:05,104 - INFO - autotuner.py:268 - flashinfer.jit: [Autotuner]: Autotuning process ends
[36m(vLLMHttpServer pid=4217)[0m (Worker_TP2_EP2 pid=4595) 2026-06-11 14:07:05,105 - INFO - autotuner.py:268 - flashinfer.jit: [Autotuner]: Autotuning process ends
[36m(vLLMHttpServer pid=4217)[0m (Worker_TP0_EP0 pid=4593) 2026-06-11 14:07:05,109 - INFO - autotuner.py:268 - flashinfer.jit: [Autotuner]: Autotuning process ends
[36m(vLLMHttpServer pid=4217)[0m (Worker_TP3_EP3 pid=4596) 2026-06-11 14:07:05,111 - INFO - autotuner.py:268 - flashinfer.jit: [Autotuner]: Autotuning process ends
[36m(vLLMHttpServer pid=4217)[0m (Worker_TP0_EP0 pid=4593) Capturing CUDA graphs (mixed prefill-decode, PIECEWISE):   0%| | 0/2 [00:00<?, 
[36m(vLLMHttpServer pid=4217)[0m Capturing CUDA graphs (mixed prefill-decode, PIECEWISE):  50%|▌| 1/2 [00:00<00:
[36m(vLLMHttpServer pid=4217)[0m Capturing CUDA graphs (mixed prefill-decode, PIECEWISE): 100%|█| 2/2 [00:00<00:Capturing CUDA graphs (mixed prefill-decode, PIECEWISE): 100%|█| 2/2 [00:00<00:
[36m(vLLMHttpServer pid=4217)[0m (Worker_TP0_EP0 pid=4593) Capturing CUDA graphs (decode, FULL):   0%|              | 0/1 [00:00<?, ?it/s]
[36m(vLLMHttpServer pid=4217)[0m Capturing CUDA graphs (decode, FULL): 100%|██████| 1/1 [00:00<00:00,  3.18it/s]Capturing CUDA graphs (decode, FULL): 100%|██████| 1/1 [00:00<00:00,  3.18it/s]
[36m(vLLMHttpServer pid=4217)[0m (EngineCore pid=4499) [transformers] `Qwen2VLImageProcessorFast` is deprecated. The `Fast` suffix for image processors has been removed; use `Qwen2VLImageProcessor` instead.
[36m(vLLMHttpServer pid=4217)[0m (EngineCore pid=4499) [transformers] The `use_fast` parameter is deprecated and will be removed in a future version. Use `backend="torchvision"` instead of `use_fast=True`, or `backend="pil"` instead of `use_fast=False`.
[36m(vLLMHttpServer pid=4217)[0m (EngineCore pid=4499) <frozen importlib._bootstrap_external>:1301: FutureWarning: The cuda.cudart module is deprecated and will be removed in a future release, please switch to use the cuda.bindings.runtime module instead.
[36m(vLLMHttpServer pid=4217)[0m (EngineCore pid=4499) <frozen importlib._bootstrap_external>:1301: FutureWarning: The cuda.nvrtc module is deprecated and will be removed in a future release, please switch to use the cuda.bindings.nvrtc module instead.
[36m(WorkerDict pid=2225)[0m /opt/verl/verl/utils/device.py:146: FutureWarning: torch.cuda._set_allocator_settings is deprecated. Use torch._C._accelerator_setAllocatorSettings instead.
[36m(WorkerDict pid=2225)[0m   torch.cuda.memory._set_allocator_settings(f"expandable_segments:{enable}")
[36m(vLLMHttpServer pid=4217)[0m (Worker_TP2_EP2 pid=4595) INFO:2026-06-11 14:07:28,754:Loading standard weights (non-FP8, async)
[36m(vLLMHttpServer pid=4217)[0m (Worker_TP3_EP3 pid=4596) INFO:2026-06-11 14:07:28,754:Loading standard weights (non-FP8, async)
[36m(vLLMHttpServer pid=4217)[0m (Worker_TP1_EP1 pid=4594) INFO:2026-06-11 14:07:28,754:Loading standard weights (non-FP8, async)
[36m(vLLMHttpServer pid=4217)[0m (Worker_TP0_EP0 pid=4593) INFO:2026-06-11 14:07:28,755:Loading standard weights (non-FP8, async)
[36m(vLLMHttpServer pid=4217)[0m (Worker_TP3_EP3 pid=4596) INFO:2026-06-11 14:07:28,815:Loading standard weights (non-FP8, async)
[36m(vLLMHttpServer pid=4217)[0m (Worker_TP1_EP1 pid=4594) INFO:2026-06-11 14:07:28,815:Loading standard weights (non-FP8, async)
[36m(vLLMHttpServer pid=4217)[0m (Worker_TP0_EP0 pid=4593) INFO:2026-06-11 14:07:28,815:Loading standard weights (non-FP8, async)
[36m(vLLMHttpServer pid=4217)[0m (Worker_TP2_EP2 pid=4595) INFO:2026-06-11 14:07:28,816:Loading standard weights (non-FP8, async)
[36m(vLLMHttpServer pid=4217)[0m (Worker_TP3_EP3 pid=4596) INFO:2026-06-11 14:07:28,846:Loading standard weights (non-FP8, async)
[36m(vLLMHttpServer pid=4217)[0m (Worker_TP1_EP1 pid=4594) INFO:2026-06-11 14:07:28,847:Loading standard weights (non-FP8, async)
[36m(vLLMHttpServer pid=4217)[0m (Worker_TP2_EP2 pid=4595) INFO:2026-06-11 14:07:28,847:Loading standard weights (non-FP8, async)
[36m(vLLMHttpServer pid=4217)[0m (Worker_TP0_EP0 pid=4593) INFO:2026-06-11 14:07:28,847:Loading standard weights (non-FP8, async)
[36m(vLLMHttpServer pid=4217)[0m (Worker_TP1_EP1 pid=4594) INFO:2026-06-11 14:07:28,876:Loading standard weights (non-FP8, async)
[36m(vLLMHttpServer pid=4217)[0m (Worker_TP3_EP3 pid=4596) INFO:2026-06-11 14:07:28,877:Loading standard weights (non-FP8, async)
[36m(vLLMHttpServer pid=4217)[0m (Worker_TP0_EP0 pid=4593) INFO:2026-06-11 14:07:28,877:Loading standard weights (non-FP8, async)
[36m(vLLMHttpServer pid=4217)[0m (Worker_TP2_EP2 pid=4595) INFO:2026-06-11 14:07:28,877:Loading standard weights (non-FP8, async)
[36m(vLLMHttpServer pid=4217)[0m (Worker_TP2_EP2 pid=4595) INFO:2026-06-11 14:07:28,907:Loading standard weights (non-FP8, async)
[36m(vLLMHttpServer pid=4217)[0m (Worker_TP3_EP3 pid=4596) INFO:2026-06-11 14:07:28,907:Loading standard weights (non-FP8, async)
[36m(vLLMHttpServer pid=4217)[0m (Worker_TP1_EP1 pid=4594) INFO:2026-06-11 14:07:28,907:Loading standard weights (non-FP8, async)
[36m(vLLMHttpServer pid=4217)[0m (Worker_TP0_EP0 pid=4593) INFO:2026-06-11 14:07:28,908:Loading standard weights (non-FP8, async)
[36m(vLLMHttpServer pid=4217)[0m (Worker_TP3_EP3 pid=4596) INFO:2026-06-11 14:07:28,937:Loading standard weights (non-FP8, async)
[36m(vLLMHttpServer pid=4217)[0m (Worker_TP0_EP0 pid=4593) INFO:2026-06-11 14:07:28,937:Loading standard weights (non-FP8, async)
[36m(vLLMHttpServer pid=4217)[0m (Worker_TP2_EP2 pid=4595) INFO:2026-06-11 14:07:28,937:Loading standard weights (non-FP8, async)
[36m(vLLMHttpServer pid=4217)[0m (Worker_TP1_EP1 pid=4594) INFO:2026-06-11 14:07:28,937:Loading standard weights (non-FP8, async)
[36m(vLLMHttpServer pid=4217)[0m (Worker_TP1_EP1 pid=4594) INFO:2026-06-11 14:07:28,968:Loading standard weights (non-FP8, async)
[36m(vLLMHttpServer pid=4217)[0m (Worker_TP2_EP2 pid=4595) INFO:2026-06-11 14:07:28,968:Loading standard weights (non-FP8, async)
[36m(vLLMHttpServer pid=4217)[0m (Worker_TP0_EP0 pid=4593) INFO:2026-06-11 14:07:28,968:Loading standard weights (non-FP8, async)
[36m(vLLMHttpServer pid=4217)[0m (Worker_TP3_EP3 pid=4596) INFO:2026-06-11 14:07:28,968:Loading standard weights (non-FP8, async)
[36m(vLLMHttpServer pid=4217)[0m (Worker_TP2_EP2 pid=4595) INFO:2026-06-11 14:07:28,998:Loading standard weights (non-FP8, async)
[36m(vLLMHttpServer pid=4217)[0m (Worker_TP0_EP0 pid=4593) INFO:2026-06-11 14:07:28,998:Loading standard weights (non-FP8, async)
[36m(vLLMHttpServer pid=4217)[0m (Worker_TP1_EP1 pid=4594) INFO:2026-06-11 14:07:28,998:Loading standard weights (non-FP8, async)
[36m(vLLMHttpServer pid=4217)[0m (Worker_TP3_EP3 pid=4596) INFO:2026-06-11 14:07:28,999:Loading standard weights (non-FP8, async)
[36m(vLLMHttpServer pid=4217)[0m (Worker_TP0_EP0 pid=4593) INFO:2026-06-11 14:07:29,029:Loading standard weights (non-FP8, async)
[36m(vLLMHttpServer pid=4217)[0m (Worker_TP2_EP2 pid=4595) INFO:2026-06-11 14:07:29,029:Loading standard weights (non-FP8, async)
[36m(vLLMHttpServer pid=4217)[0m (Worker_TP3_EP3 pid=4596) INFO:2026-06-11 14:07:29,029:Loading standard weights (non-FP8, async)
[36m(vLLMHttpServer pid=4217)[0m (Worker_TP1_EP1 pid=4594) INFO:2026-06-11 14:07:29,029:Loading standard weights (non-FP8, async)
[36m(vLLMHttpServer pid=4217)[0m (Worker_TP3_EP3 pid=4596) INFO:2026-06-11 14:07:29,060:Loading standard weights (non-FP8, async)
[36m(vLLMHttpServer pid=4217)[0m (Worker_TP0_EP0 pid=4593) INFO:2026-06-11 14:07:29,060:Loading standard weights (non-FP8, async)
[36m(vLLMHttpServer pid=4217)[0m (Worker_TP1_EP1 pid=4594) INFO:2026-06-11 14:07:29,060:Loading standard weights (non-FP8, async)
[36m(vLLMHttpServer pid=4217)[0m (Worker_TP2_EP2 pid=4595) INFO:2026-06-11 14:07:29,060:Loading standard weights (non-FP8, async)
[36m(vLLMHttpServer pid=4217)[0m (Worker_TP3_EP3 pid=4596) INFO:2026-06-11 14:07:29,092:Loading standard weights (non-FP8, async)
[36m(vLLMHttpServer pid=4217)[0m (Worker_TP2_EP2 pid=4595) INFO:2026-06-11 14:07:29,092:Loading standard weights (non-FP8, async)
[36m(vLLMHttpServer pid=4217)[0m (Worker_TP0_EP0 pid=4593) INFO:2026-06-11 14:07:29,092:Loading standard weights (non-FP8, async)
[36m(vLLMHttpServer pid=4217)[0m (Worker_TP1_EP1 pid=4594) INFO:2026-06-11 14:07:29,092:Loading standard weights (non-FP8, async)
[36m(vLLMHttpServer pid=4217)[0m (Worker_TP3_EP3 pid=4596) INFO:2026-06-11 14:07:29,123:Loading standard weights (non-FP8, async)
[36m(vLLMHttpServer pid=4217)[0m (Worker_TP1_EP1 pid=4594) INFO:2026-06-11 14:07:29,123:Loading standard weights (non-FP8, async)
[36m(vLLMHttpServer pid=4217)[0m (Worker_TP2_EP2 pid=4595) INFO:2026-06-11 14:07:29,123:Loading standard weights (non-FP8, async)
[36m(vLLMHttpServer pid=4217)[0m (Worker_TP0_EP0 pid=4593) INFO:2026-06-11 14:07:29,123:Loading standard weights (non-FP8, async)
[36m(vLLMHttpServer pid=4217)[0m (Worker_TP2_EP2 pid=4595) INFO:2026-06-11 14:07:29,154:Loading standard weights (non-FP8, async)
[36m(vLLMHttpServer pid=4217)[0m (Worker_TP0_EP0 pid=4593) INFO:2026-06-11 14:07:29,154:Loading standard weights (non-FP8, async)
[36m(vLLMHttpServer pid=4217)[0m (Worker_TP1_EP1 pid=4594) INFO:2026-06-11 14:07:29,154:Loading standard weights (non-FP8, async)
[36m(vLLMHttpServer pid=4217)[0m (Worker_TP3_EP3 pid=4596) INFO:2026-06-11 14:07:29,154:Loading standard weights (non-FP8, async)
[36m(vLLMHttpServer pid=4217)[0m (Worker_TP1_EP1 pid=4594) INFO:2026-06-11 14:07:29,186:Loading standard weights (non-FP8, async)
[36m(vLLMHttpServer pid=4217)[0m (Worker_TP2_EP2 pid=4595) INFO:2026-06-11 14:07:29,186:Loading standard weights (non-FP8, async)
[36m(vLLMHttpServer pid=4217)[0m (Worker_TP0_EP0 pid=4593) INFO:2026-06-11 14:07:29,186:Loading standard weights (non-FP8, async)
[36m(vLLMHttpServer pid=4217)[0m (Worker_TP3_EP3 pid=4596) INFO:2026-06-11 14:07:29,186:Loading standard weights (non-FP8, async)
[36m(vLLMHttpServer pid=4217)[0m (Worker_TP2_EP2 pid=4595) INFO:2026-06-11 14:07:29,219:Loading standard weights (non-FP8, async)
[36m(vLLMHttpServer pid=4217)[0m (Worker_TP0_EP0 pid=4593) INFO:2026-06-11 14:07:29,219:Loading standard weights (non-FP8, async)
[36m(vLLMHttpServer pid=4217)[0m (Worker_TP1_EP1 pid=4594) INFO:2026-06-11 14:07:29,219:Loading standard weights (non-FP8, async)
[36m(vLLMHttpServer pid=4217)[0m (Worker_TP3_EP3 pid=4596) INFO:2026-06-11 14:07:29,219:Loading standard weights (non-FP8, async)
[36m(vLLMHttpServer pid=4217)[0m (Worker_TP1_EP1 pid=4594) INFO:2026-06-11 14:07:29,250:Loading standard weights (non-FP8, async)
[36m(vLLMHttpServer pid=4217)[0m (Worker_TP2_EP2 pid=4595) INFO:2026-06-11 14:07:29,250:Loading standard weights (non-FP8, async)
[36m(vLLMHttpServer pid=4217)[0m (Worker_TP0_EP0 pid=4593) INFO:2026-06-11 14:07:29,250:Loading standard weights (non-FP8, async)
[36m(vLLMHttpServer pid=4217)[0m (Worker_TP3_EP3 pid=4596) INFO:2026-06-11 14:07:29,250:Loading standard weights (non-FP8, async)
[36m(vLLMHttpServer pid=4217)[0m (Worker_TP0_EP0 pid=4593) INFO:2026-06-11 14:07:29,281:Loading standard weights (non-FP8, async)
[36m(vLLMHttpServer pid=4217)[0m (Worker_TP1_EP1 pid=4594) INFO:2026-06-11 14:07:29,281:Loading standard weights (non-FP8, async)
[36m(vLLMHttpServer pid=4217)[0m (Worker_TP3_EP3 pid=4596) INFO:2026-06-11 14:07:29,281:Loading standard weights (non-FP8, async)
[36m(vLLMHttpServer pid=4217)[0m (Worker_TP2_EP2 pid=4595) INFO:2026-06-11 14:07:29,281:Loading standard weights (non-FP8, async)
[36m(vLLMHttpServer pid=4217)[0m (Worker_TP1_EP1 pid=4594) INFO:2026-06-11 14:07:29,316:Loading standard weights (non-FP8, async)
[36m(vLLMHttpServer pid=4217)[0m (Worker_TP0_EP0 pid=4593) INFO:2026-06-11 14:07:29,316:Loading standard weights (non-FP8, async)
[36m(vLLMHttpServer pid=4217)[0m (Worker_TP3_EP3 pid=4596) INFO:2026-06-11 14:07:29,316:Loading standard weights (non-FP8, async)
[36m(vLLMHttpServer pid=4217)[0m (Worker_TP2_EP2 pid=4595) INFO:2026-06-11 14:07:29,316:Loading standard weights (non-FP8, async)
[36m(vLLMHttpServer pid=4217)[0m (Worker_TP3_EP3 pid=4596) INFO:2026-06-11 14:07:29,347:Loading standard weights (non-FP8, async)
[36m(vLLMHttpServer pid=4217)[0m (Worker_TP1_EP1 pid=4594) INFO:2026-06-11 14:07:29,347:Loading standard weights (non-FP8, async)
[36m(vLLMHttpServer pid=4217)[0m (Worker_TP2_EP2 pid=4595) INFO:2026-06-11 14:07:29,347:Loading standard weights (non-FP8, async)
[36m(vLLMHttpServer pid=4217)[0m (Worker_TP0_EP0 pid=4593) INFO:2026-06-11 14:07:29,347:Loading standard weights (non-FP8, async)
[36m(vLLMHttpServer pid=4217)[0m (Worker_TP3_EP3 pid=4596) INFO:2026-06-11 14:07:29,378:Loading standard weights (non-FP8, async)
[36m(vLLMHttpServer pid=4217)[0m (Worker_TP2_EP2 pid=4595) INFO:2026-06-11 14:07:29,378:Loading standard weights (non-FP8, async)
[36m(vLLMHttpServer pid=4217)[0m (Worker_TP1_EP1 pid=4594) INFO:2026-06-11 14:07:29,378:Loading standard weights (non-FP8, async)
[36m(vLLMHttpServer pid=4217)[0m (Worker_TP0_EP0 pid=4593) INFO:2026-06-11 14:07:29,378:Loading standard weights (non-FP8, async)
[36m(vLLMHttpServer pid=4217)[0m (Worker_TP1_EP1 pid=4594) INFO:2026-06-11 14:07:29,409:Loading standard weights (non-FP8, async)
[36m(vLLMHttpServer pid=4217)[0m (Worker_TP0_EP0 pid=4593) INFO:2026-06-11 14:07:29,409:Loading standard weights (non-FP8, async)
[36m(vLLMHttpServer pid=4217)[0m (Worker_TP2_EP2 pid=4595) INFO:2026-06-11 14:07:29,409:Loading standard weights (non-FP8, async)
[36m(vLLMHttpServer pid=4217)[0m (Worker_TP3_EP3 pid=4596) INFO:2026-06-11 14:07:29,409:Loading standard weights (non-FP8, async)
[36m(vLLMHttpServer pid=4217)[0m (Worker_TP1_EP1 pid=4594) INFO:2026-06-11 14:07:29,440:Loading standard weights (non-FP8, async)
[36m(vLLMHttpServer pid=4217)[0m (Worker_TP3_EP3 pid=4596) INFO:2026-06-11 14:07:29,440:Loading standard weights (non-FP8, async)
[36m(vLLMHttpServer pid=4217)[0m (Worker_TP2_EP2 pid=4595) INFO:2026-06-11 14:07:29,440:Loading standard weights (non-FP8, async)
[36m(vLLMHttpServer pid=4217)[0m (Worker_TP0_EP0 pid=4593) INFO:2026-06-11 14:07:29,442:Loading standard weights (non-FP8, async)
[36m(vLLMHttpServer pid=4217)[0m (Worker_TP0_EP0 pid=4593) INFO:2026-06-11 14:07:29,473:Loading standard weights (non-FP8, async)
[36m(vLLMHttpServer pid=4217)[0m (Worker_TP2_EP2 pid=4595) INFO:2026-06-11 14:07:29,474:Loading standard weights (non-FP8, async)
[36m(vLLMHttpServer pid=4217)[0m (Worker_TP3_EP3 pid=4596) INFO:2026-06-11 14:07:29,474:Loading standard weights (non-FP8, async)
[36m(vLLMHttpServer pid=4217)[0m (Worker_TP1_EP1 pid=4594) INFO:2026-06-11 14:07:29,474:Loading standard weights (non-FP8, async)
[36m(vLLMHttpServer pid=4217)[0m (Worker_TP2_EP2 pid=4595) INFO:2026-06-11 14:07:29,503:Loading standard weights (non-FP8, async)
[36m(vLLMHttpServer pid=4217)[0m (Worker_TP0_EP0 pid=4593) INFO:2026-06-11 14:07:29,503:Loading standard weights (non-FP8, async)
[36m(vLLMHttpServer pid=4217)[0m (Worker_TP3_EP3 pid=4596) INFO:2026-06-11 14:07:29,503:Loading standard weights (non-FP8, async)
[36m(vLLMHttpServer pid=4217)[0m (Worker_TP1_EP1 pid=4594) INFO:2026-06-11 14:07:29,503:Loading standard weights (non-FP8, async)
[36m(vLLMHttpServer pid=4217)[0m (Worker_TP0_EP0 pid=4593) INFO:2026-06-11 14:07:29,533:Loading standard weights (non-FP8, async)
[36m(vLLMHttpServer pid=4217)[0m (Worker_TP2_EP2 pid=4595) INFO:2026-06-11 14:07:29,533:Loading standard weights (non-FP8, async)
[36m(vLLMHttpServer pid=4217)[0m (Worker_TP1_EP1 pid=4594) INFO:2026-06-11 14:07:29,533:Loading standard weights (non-FP8, async)
[36m(vLLMHttpServer pid=4217)[0m (Worker_TP3_EP3 pid=4596) INFO:2026-06-11 14:07:29,533:Loading standard weights (non-FP8, async)
[36m(vLLMHttpServer pid=4217)[0m (Worker_TP2_EP2 pid=4595) INFO:2026-06-11 14:07:29,565:Loading standard weights (non-FP8, async)
[36m(vLLMHttpServer pid=4217)[0m (Worker_TP1_EP1 pid=4594) INFO:2026-06-11 14:07:29,565:Loading standard weights (non-FP8, async)
[36m(vLLMHttpServer pid=4217)[0m (Worker_TP0_EP0 pid=4593) INFO:2026-06-11 14:07:29,565:Loading standard weights (non-FP8, async)
[36m(vLLMHttpServer pid=4217)[0m (Worker_TP3_EP3 pid=4596) INFO:2026-06-11 14:07:29,565:Loading standard weights (non-FP8, async)
[36m(vLLMHttpServer pid=4217)[0m (Worker_TP3_EP3 pid=4596) INFO:2026-06-11 14:07:29,597:Loading standard weights (non-FP8, async)
[36m(vLLMHttpServer pid=4217)[0m (Worker_TP1_EP1 pid=4594) INFO:2026-06-11 14:07:29,597:Loading standard weights (non-FP8, async)
[36m(vLLMHttpServer pid=4217)[0m (Worker_TP2_EP2 pid=4595) INFO:2026-06-11 14:07:29,597:Loading standard weights (non-FP8, async)
[36m(vLLMHttpServer pid=4217)[0m (Worker_TP0_EP0 pid=4593) INFO:2026-06-11 14:07:29,597:Loading standard weights (non-FP8, async)
[36m(vLLMHttpServer pid=4217)[0m (Worker_TP1_EP1 pid=4594) INFO:2026-06-11 14:07:29,627:Loading standard weights (non-FP8, async)
[36m(vLLMHttpServer pid=4217)[0m (Worker_TP2_EP2 pid=4595) INFO:2026-06-11 14:07:29,627:Loading standard weights (non-FP8, async)
[36m(vLLMHttpServer pid=4217)[0m (Worker_TP3_EP3 pid=4596) INFO:2026-06-11 14:07:29,627:Loading standard weights (non-FP8, async)
[36m(vLLMHttpServer pid=4217)[0m (Worker_TP0_EP0 pid=4593) INFO:2026-06-11 14:07:29,627:Loading standard weights (non-FP8, async)
[36m(vLLMHttpServer pid=4217)[0m (Worker_TP0_EP0 pid=4593) INFO:2026-06-11 14:07:29,658:Loading standard weights (non-FP8, async)
[36m(vLLMHttpServer pid=4217)[0m (Worker_TP2_EP2 pid=4595) INFO:2026-06-11 14:07:29,658:Loading standard weights (non-FP8, async)
[36m(vLLMHttpServer pid=4217)[0m (Worker_TP3_EP3 pid=4596) INFO:2026-06-11 14:07:29,658:Loading standard weights (non-FP8, async)
[36m(vLLMHttpServer pid=4217)[0m (Worker_TP1_EP1 pid=4594) INFO:2026-06-11 14:07:29,658:Loading standard weights (non-FP8, async)
[36m(vLLMHttpServer pid=4217)[0m (Worker_TP0_EP0 pid=4593) INFO:2026-06-11 14:07:29,688:Loading standard weights (non-FP8, async)
[36m(vLLMHttpServer pid=4217)[0m (Worker_TP1_EP1 pid=4594) INFO:2026-06-11 14:07:29,688:Loading standard weights (non-FP8, async)
[36m(vLLMHttpServer pid=4217)[0m (Worker_TP2_EP2 pid=4595) INFO:2026-06-11 14:07:29,688:Loading standard weights (non-FP8, async)
[36m(vLLMHttpServer pid=4217)[0m (Worker_TP3_EP3 pid=4596) INFO:2026-06-11 14:07:29,689:Loading standard weights (non-FP8, async)
[36m(vLLMHttpServer pid=4217)[0m (Worker_TP1_EP1 pid=4594) INFO:2026-06-11 14:07:29,719:Loading standard weights (non-FP8, async)
[36m(vLLMHttpServer pid=4217)[0m (Worker_TP0_EP0 pid=4593) INFO:2026-06-11 14:07:29,719:Loading standard weights (non-FP8, async)
[36m(vLLMHttpServer pid=4217)[0m (Worker_TP2_EP2 pid=4595) INFO:2026-06-11 14:07:29,719:Loading standard weights (non-FP8, async)
[36m(vLLMHttpServer pid=4217)[0m (Worker_TP3_EP3 pid=4596) INFO:2026-06-11 14:07:29,719:Loading standard weights (non-FP8, async)
[36m(vLLMHttpServer pid=4217)[0m (Worker_TP3_EP3 pid=4596) INFO:2026-06-11 14:07:29,750:Loading standard weights (non-FP8, async)
[36m(vLLMHttpServer pid=4217)[0m (Worker_TP2_EP2 pid=4595) INFO:2026-06-11 14:07:29,750:Loading standard weights (non-FP8, async)
[36m(vLLMHttpServer pid=4217)[0m (Worker_TP1_EP1 pid=4594) INFO:2026-06-11 14:07:29,750:Loading standard weights (non-FP8, async)
[36m(vLLMHttpServer pid=4217)[0m (Worker_TP0_EP0 pid=4593) INFO:2026-06-11 14:07:29,750:Loading standard weights (non-FP8, async)
[36m(vLLMHttpServer pid=4217)[0m (Worker_TP2_EP2 pid=4595) INFO:2026-06-11 14:07:29,781:Loading standard weights (non-FP8, async)
[36m(vLLMHttpServer pid=4217)[0m (Worker_TP1_EP1 pid=4594) INFO:2026-06-11 14:07:29,781:Loading standard weights (non-FP8, async)
[36m(vLLMHttpServer pid=4217)[0m (Worker_TP0_EP0 pid=4593) INFO:2026-06-11 14:07:29,781:Loading standard weights (non-FP8, async)
[36m(vLLMHttpServer pid=4217)[0m (Worker_TP3_EP3 pid=4596) INFO:2026-06-11 14:07:29,781:Loading standard weights (non-FP8, async)
[36m(vLLMHttpServer pid=4217)[0m (Worker_TP2_EP2 pid=4595) INFO:2026-06-11 14:07:29,813:Loading standard weights (non-FP8, async)
[36m(vLLMHttpServer pid=4217)[0m (Worker_TP3_EP3 pid=4596) INFO:2026-06-11 14:07:29,813:Loading standard weights (non-FP8, async)
[36m(vLLMHttpServer pid=4217)[0m (Worker_TP1_EP1 pid=4594) INFO:2026-06-11 14:07:29,813:Loading standard weights (non-FP8, async)
[36m(vLLMHttpServer pid=4217)[0m (Worker_TP0_EP0 pid=4593) INFO:2026-06-11 14:07:29,813:Loading standard weights (non-FP8, async)
[36m(vLLMHttpServer pid=4217)[0m (Worker_TP2_EP2 pid=4595) INFO:2026-06-11 14:07:29,844:Loading standard weights (non-FP8, async)
[36m(vLLMHttpServer pid=4217)[0m (Worker_TP0_EP0 pid=4593) INFO:2026-06-11 14:07:29,844:Loading standard weights (non-FP8, async)
[36m(vLLMHttpServer pid=4217)[0m (Worker_TP3_EP3 pid=4596) INFO:2026-06-11 14:07:29,844:Loading standard weights (non-FP8, async)
[36m(vLLMHttpServer pid=4217)[0m (Worker_TP1_EP1 pid=4594) INFO:2026-06-11 14:07:29,844:Loading standard weights (non-FP8, async)
[36m(vLLMHttpServer pid=4217)[0m (Worker_TP2_EP2 pid=4595) INFO:2026-06-11 14:07:29,875:Loading standard weights (non-FP8, async)
[36m(vLLMHttpServer pid=4217)[0m (Worker_TP1_EP1 pid=4594) INFO:2026-06-11 14:07:29,875:Loading standard weights (non-FP8, async)
[36m(vLLMHttpServer pid=4217)[0m (Worker_TP3_EP3 pid=4596) INFO:2026-06-11 14:07:29,875:Loading standard weights (non-FP8, async)
[36m(vLLMHttpServer pid=4217)[0m (Worker_TP0_EP0 pid=4593) INFO:2026-06-11 14:07:29,875:Loading standard weights (non-FP8, async)
[36m(vLLMHttpServer pid=4217)[0m (Worker_TP1_EP1 pid=4594) INFO:2026-06-11 14:07:29,907:Loading standard weights (non-FP8, async)
[36m(vLLMHttpServer pid=4217)[0m (Worker_TP3_EP3 pid=4596) INFO:2026-06-11 14:07:29,907:Loading standard weights (non-FP8, async)
[36m(vLLMHttpServer pid=4217)[0m (Worker_TP2_EP2 pid=4595) INFO:2026-06-11 14:07:29,907:Loading standard weights (non-FP8, async)
[36m(vLLMHttpServer pid=4217)[0m (Worker_TP0_EP0 pid=4593) INFO:2026-06-11 14:07:29,907:Loading standard weights (non-FP8, async)
[36m(vLLMHttpServer pid=4217)[0m (Worker_TP1_EP1 pid=4594) INFO:2026-06-11 14:07:29,938:Loading standard weights (non-FP8, async)
[36m(vLLMHttpServer pid=4217)[0m (Worker_TP2_EP2 pid=4595) INFO:2026-06-11 14:07:29,938:Loading standard weights (non-FP8, async)
[36m(vLLMHttpServer pid=4217)[0m (Worker_TP3_EP3 pid=4596) INFO:2026-06-11 14:07:29,938:Loading standard weights (non-FP8, async)
[36m(vLLMHttpServer pid=4217)[0m (Worker_TP0_EP0 pid=4593) INFO:2026-06-11 14:07:29,939:Loading standard weights (non-FP8, async)
[36m(vLLMHttpServer pid=4217)[0m (Worker_TP0_EP0 pid=4593) INFO:2026-06-11 14:07:29,970:Loading standard weights (non-FP8, async)
[36m(vLLMHttpServer pid=4217)[0m (Worker_TP2_EP2 pid=4595) INFO:2026-06-11 14:07:29,970:Loading standard weights (non-FP8, async)
[36m(vLLMHttpServer pid=4217)[0m (Worker_TP1_EP1 pid=4594) INFO:2026-06-11 14:07:29,970:Loading standard weights (non-FP8, async)
[36m(vLLMHttpServer pid=4217)[0m (Worker_TP3_EP3 pid=4596) INFO:2026-06-11 14:07:29,970:Loading standard weights (non-FP8, async)
[36m(vLLMHttpServer pid=4217)[0m (Worker_TP0_EP0 pid=4593) INFO:2026-06-11 14:07:30,001:Loading standard weights (non-FP8, async)
[36m(vLLMHttpServer pid=4217)[0m (Worker_TP1_EP1 pid=4594) INFO:2026-06-11 14:07:30,001:Loading standard weights (non-FP8, async)
[36m(vLLMHttpServer pid=4217)[0m (Worker_TP3_EP3 pid=4596) INFO:2026-06-11 14:07:30,001:Loading standard weights (non-FP8, async)
[36m(vLLMHttpServer pid=4217)[0m (Worker_TP2_EP2 pid=4595) INFO:2026-06-11 14:07:30,002:Loading standard weights (non-FP8, async)
[36m(vLLMHttpServer pid=4217)[0m (Worker_TP3_EP3 pid=4596) INFO:2026-06-11 14:07:30,031:Loading standard weights (non-FP8, async)
[36m(vLLMHttpServer pid=4217)[0m (Worker_TP1_EP1 pid=4594) INFO:2026-06-11 14:07:30,031:Loading standard weights (non-FP8, async)
[36m(vLLMHttpServer pid=4217)[0m (Worker_TP2_EP2 pid=4595) INFO:2026-06-11 14:07:30,031:Loading standard weights (non-FP8, async)
[36m(vLLMHttpServer pid=4217)[0m (Worker_TP0_EP0 pid=4593) INFO:2026-06-11 14:07:30,031:Loading standard weights (non-FP8, async)
[36m(vLLMHttpServer pid=4217)[0m (Worker_TP1_EP1 pid=4594) INFO:2026-06-11 14:07:30,059:Loading standard weights (non-FP8, async)
[36m(vLLMHttpServer pid=4217)[0m (Worker_TP3_EP3 pid=4596) INFO:2026-06-11 14:07:30,059:Loading standard weights (non-FP8, async)
[36m(vLLMHttpServer pid=4217)[0m (Worker_TP0_EP0 pid=4593) INFO:2026-06-11 14:07:30,059:Loading standard weights (non-FP8, async)
[36m(vLLMHttpServer pid=4217)[0m (Worker_TP2_EP2 pid=4595) INFO:2026-06-11 14:07:30,060:Loading standard weights (non-FP8, async)
[36m(WorkerDict pid=2225)[0m /opt/verl/verl/utils/device.py:146: FutureWarning: torch.cuda._set_allocator_settings is deprecated. Use torch._C._accelerator_setAllocatorSettings instead.[32m [repeated 4x across cluster][0m
[36m(WorkerDict pid=2225)[0m   torch.cuda.memory._set_allocator_settings(f"expandable_segments:{enable}")[32m [repeated 4x across cluster][0m
[36m(TaskRunner pid=1943)[0m Training Progress:   0%|          | 0/5 [00:00<?, ?it/s]
[36m(GlobalRequestLoadBalancer pid=5912)[0m Modular Diffusers is currently an experimental feature under active development. The API is subject to breaking changes in future releases.
[36m(GlobalRequestLoadBalancer pid=5912)[0m [transformers] `Siglip2ImageProcessorFast` is deprecated. The `Fast` suffix for image processors has been removed; use `Siglip2ImageProcessor` instead.
[36m(GlobalRequestLoadBalancer pid=5912)[0m W0611 14:07:47.955000 5912 site-packages/torch/utils/cpp_extension.py:118] No CUDA runtime is found, using CUDA_HOME='/usr/local/cuda'
[36m(GlobalRequestLoadBalancer pid=5912)[0m [transformers] `Qwen2VLImageProcessorFast` is deprecated. The `Fast` suffix for image processors has been removed; use `Qwen2VLImageProcessor` instead.
[36m(AgentLoopWorker pid=5913)[0m Modular Diffusers is currently an experimental feature under active development. The API is subject to breaking changes in future releases.
[36m(AgentLoopWorker pid=5913)[0m [transformers] `Siglip2ImageProcessorFast` is deprecated. The `Fast` suffix for image processors has been removed; use `Siglip2ImageProcessor` instead.
[36m(AgentLoopWorker pid=5913)[0m W0611 14:08:00.749000 5913 site-packages/torch/utils/cpp_extension.py:118] No CUDA runtime is found, using CUDA_HOME='/usr/local/cuda'
[36m(AgentLoopWorker pid=5913)[0m [transformers] `Qwen2VLImageProcessorFast` is deprecated. The `Fast` suffix for image processors has been removed; use `Qwen2VLImageProcessor` instead.
[36m(TaskRunner pid=1943)[0m W0611 14:08:14.958000 1943 site-packages/torch/fx/_symbolic_trace.py:53] is_fx_tracing will return true for both fx.symbolic_trace and torch.export. Please use is_fx_tracing_symbolic_tracing() for specifically fx.symbolic_trace or torch.compiler.is_compiling() for specifically torch.export/compile.
[36m(WorkerDict pid=2227)[0m /usr/local/lib/python3.12/site-packages/torch/_inductor/lowering.py:7627: UserWarning: 
[36m(WorkerDict pid=2227)[0m Online softmax is disabled on the fly since Inductor decides to
[36m(WorkerDict pid=2227)[0m split the reduction. Cut an issue to PyTorch if this is an
[36m(WorkerDict pid=2227)[0m important use case and you want to speed it up with online
[36m(WorkerDict pid=2227)[0m softmax.
[36m(WorkerDict pid=2227)[0m 
[36m(WorkerDict pid=2227)[0m   warnings.warn(
[36m(WorkerDict pid=2228)[0m [rank3]:W0611 14:08:16.217000 2228 site-packages/torch/fx/_symbolic_trace.py:53] is_fx_tracing will return true for both fx.symbolic_trace and torch.export. Please use is_fx_tracing_symbolic_tracing() for specifically fx.symbolic_trace or torch.compiler.is_compiling() for specifically torch.export/compile.[32m [repeated 4x across cluster][0m
[36m(WorkerDict pid=2225)[0m 
[36m(WorkerDict pid=2226)[0m 
[36m(WorkerDict pid=2228)[0m 
[36m(WorkerDict pid=2225)[0m /opt/verl/verl/utils/device.py:146: FutureWarning: torch.cuda._set_allocator_settings is deprecated. Use torch._C._accelerator_setAllocatorSettings instead.
[36m(WorkerDict pid=2225)[0m   torch.cuda.memory._set_allocator_settings(f"expandable_segments:{enable}")
[36m(WorkerDict pid=2228)[0m /usr/local/lib/python3.12/site-packages/torch/_inductor/lowering.py:7627: UserWarning: [32m [repeated 3x across cluster][0m
[36m(WorkerDict pid=2228)[0m Online softmax is disabled on the fly since Inductor decides to[32m [repeated 3x across cluster][0m
[36m(WorkerDict pid=2228)[0m split the reduction. Cut an issue to PyTorch if this is an[32m [repeated 3x across cluster][0m
[36m(WorkerDict pid=2228)[0m important use case and you want to speed it up with online[32m [repeated 3x across cluster][0m
[36m(WorkerDict pid=2228)[0m softmax.[32m [repeated 3x across cluster][0m
[36m(WorkerDict pid=2228)[0m   warnings.warn([32m [repeated 3x across cluster][0m
[36m(vLLMHttpServer pid=4217)[0m (Worker_TP2_EP2 pid=4595) INFO:2026-06-11 14:09:33,534:Loading standard weights (non-FP8, async)
[36m(vLLMHttpServer pid=4217)[0m (Worker_TP3_EP3 pid=4596) INFO:2026-06-11 14:09:33,534:Loading standard weights (non-FP8, async)
[36m(vLLMHttpServer pid=4217)[0m (Worker_TP1_EP1 pid=4594) INFO:2026-06-11 14:09:33,534:Loading standard weights (non-FP8, async)
[36m(vLLMHttpServer pid=4217)[0m (Worker_TP0_EP0 pid=4593) INFO:2026-06-11 14:09:33,535:Loading standard weights (non-FP8, async)
[36m(vLLMHttpServer pid=4217)[0m (Worker_TP1_EP1 pid=4594) INFO:2026-06-11 14:09:33,560:Loading standard weights (non-FP8, async)
[36m(vLLMHttpServer pid=4217)[0m (Worker_TP0_EP0 pid=4593) INFO:2026-06-11 14:09:33,560:Loading standard weights (non-FP8, async)
[36m(vLLMHttpServer pid=4217)[0m (Worker_TP2_EP2 pid=4595) INFO:2026-06-11 14:09:33,560:Loading standard weights (non-FP8, async)
[36m(vLLMHttpServer pid=4217)[0m (Worker_TP3_EP3 pid=4596) INFO:2026-06-11 14:09:33,560:Loading standard weights (non-FP8, async)
[36m(vLLMHttpServer pid=4217)[0m (Worker_TP2_EP2 pid=4595) INFO:2026-06-11 14:09:33,592:Loading standard weights (non-FP8, async)
[36m(vLLMHttpServer pid=4217)[0m (Worker_TP1_EP1 pid=4594) INFO:2026-06-11 14:09:33,592:Loading standard weights (non-FP8, async)
[36m(vLLMHttpServer pid=4217)[0m (Worker_TP3_EP3 pid=4596) INFO:2026-06-11 14:09:33,592:Loading standard weights (non-FP8, async)
[36m(vLLMHttpServer pid=4217)[0m (Worker_TP0_EP0 pid=4593) INFO:2026-06-11 14:09:33,592:Loading standard weights (non-FP8, async)
[36m(vLLMHttpServer pid=4217)[0m (Worker_TP3_EP3 pid=4596) INFO:2026-06-11 14:09:33,623:Loading standard weights (non-FP8, async)
[36m(vLLMHttpServer pid=4217)[0m (Worker_TP2_EP2 pid=4595) INFO:2026-06-11 14:09:33,623:Loading standard weights (non-FP8, async)
[36m(vLLMHttpServer pid=4217)[0m (Worker_TP1_EP1 pid=4594) INFO:2026-06-11 14:09:33,623:Loading standard weights (non-FP8, async)
[36m(vLLMHttpServer pid=4217)[0m (Worker_TP0_EP0 pid=4593) INFO:2026-06-11 14:09:33,623:Loading standard weights (non-FP8, async)
[36m(vLLMHttpServer pid=4217)[0m (Worker_TP1_EP1 pid=4594) INFO:2026-06-11 14:09:33,653:Loading standard weights (non-FP8, async)
[36m(vLLMHttpServer pid=4217)[0m (Worker_TP2_EP2 pid=4595) INFO:2026-06-11 14:09:33,653:Loading standard weights (non-FP8, async)
[36m(vLLMHttpServer pid=4217)[0m (Worker_TP0_EP0 pid=4593) INFO:2026-06-11 14:09:33,653:Loading standard weights (non-FP8, async)
[36m(vLLMHttpServer pid=4217)[0m (Worker_TP3_EP3 pid=4596) INFO:2026-06-11 14:09:33,653:Loading standard weights (non-FP8, async)
[36m(vLLMHttpServer pid=4217)[0m (Worker_TP1_EP1 pid=4594) INFO:2026-06-11 14:09:33,683:Loading standard weights (non-FP8, async)
[36m(vLLMHttpServer pid=4217)[0m (Worker_TP2_EP2 pid=4595) INFO:2026-06-11 14:09:33,683:Loading standard weights (non-FP8, async)
[36m(vLLMHttpServer pid=4217)[0m (Worker_TP3_EP3 pid=4596) INFO:2026-06-11 14:09:33,683:Loading standard weights (non-FP8, async)
[36m(vLLMHttpServer pid=4217)[0m (Worker_TP0_EP0 pid=4593) INFO:2026-06-11 14:09:33,683:Loading standard weights (non-FP8, async)
[36m(vLLMHttpServer pid=4217)[0m (Worker_TP0_EP0 pid=4593) INFO:2026-06-11 14:09:33,714:Loading standard weights (non-FP8, async)
[36m(vLLMHttpServer pid=4217)[0m (Worker_TP1_EP1 pid=4594) INFO:2026-06-11 14:09:33,714:Loading standard weights (non-FP8, async)
[36m(vLLMHttpServer pid=4217)[0m (Worker_TP2_EP2 pid=4595) INFO:2026-06-11 14:09:33,714:Loading standard weights (non-FP8, async)
[36m(vLLMHttpServer pid=4217)[0m (Worker_TP3_EP3 pid=4596) INFO:2026-06-11 14:09:33,714:Loading standard weights (non-FP8, async)
[36m(vLLMHttpServer pid=4217)[0m (Worker_TP0_EP0 pid=4593) INFO:2026-06-11 14:09:33,746:Loading standard weights (non-FP8, async)
[36m(vLLMHttpServer pid=4217)[0m (Worker_TP2_EP2 pid=4595) INFO:2026-06-11 14:09:33,746:Loading standard weights (non-FP8, async)
[36m(vLLMHttpServer pid=4217)[0m (Worker_TP3_EP3 pid=4596) INFO:2026-06-11 14:09:33,746:Loading standard weights (non-FP8, async)
[36m(vLLMHttpServer pid=4217)[0m (Worker_TP1_EP1 pid=4594) INFO:2026-06-11 14:09:33,746:Loading standard weights (non-FP8, async)
[36m(vLLMHttpServer pid=4217)[0m (Worker_TP3_EP3 pid=4596) INFO:2026-06-11 14:09:33,777:Loading standard weights (non-FP8, async)
[36m(vLLMHttpServer pid=4217)[0m (Worker_TP0_EP0 pid=4593) INFO:2026-06-11 14:09:33,777:Loading standard weights (non-FP8, async)
[36m(vLLMHttpServer pid=4217)[0m (Worker_TP1_EP1 pid=4594) INFO:2026-06-11 14:09:33,777:Loading standard weights (non-FP8, async)
[36m(vLLMHttpServer pid=4217)[0m (Worker_TP2_EP2 pid=4595) INFO:2026-06-11 14:09:33,777:Loading standard weights (non-FP8, async)
[36m(vLLMHttpServer pid=4217)[0m (Worker_TP3_EP3 pid=4596) INFO:2026-06-11 14:09:33,813:Loading standard weights (non-FP8, async)
[36m(vLLMHttpServer pid=4217)[0m (Worker_TP2_EP2 pid=4595) INFO:2026-06-11 14:09:33,813:Loading standard weights (non-FP8, async)
[36m(vLLMHttpServer pid=4217)[0m (Worker_TP0_EP0 pid=4593) INFO:2026-06-11 14:09:33,813:Loading standard weights (non-FP8, async)
[36m(vLLMHttpServer pid=4217)[0m (Worker_TP1_EP1 pid=4594) INFO:2026-06-11 14:09:33,813:Loading standard weights (non-FP8, async)
[36m(vLLMHttpServer pid=4217)[0m (Worker_TP0_EP0 pid=4593) INFO:2026-06-11 14:09:33,844:Loading standard weights (non-FP8, async)
[36m(vLLMHttpServer pid=4217)[0m (Worker_TP2_EP2 pid=4595) INFO:2026-06-11 14:09:33,844:Loading standard weights (non-FP8, async)
[36m(vLLMHttpServer pid=4217)[0m (Worker_TP3_EP3 pid=4596) INFO:2026-06-11 14:09:33,844:Loading standard weights (non-FP8, async)
[36m(vLLMHttpServer pid=4217)[0m (Worker_TP1_EP1 pid=4594) INFO:2026-06-11 14:09:33,844:Loading standard weights (non-FP8, async)
[36m(vLLMHttpServer pid=4217)[0m (Worker_TP0_EP0 pid=4593) INFO:2026-06-11 14:09:33,874:Loading standard weights (non-FP8, async)
[36m(vLLMHttpServer pid=4217)[0m (Worker_TP2_EP2 pid=4595) INFO:2026-06-11 14:09:33,874:Loading standard weights (non-FP8, async)
[36m(vLLMHttpServer pid=4217)[0m (Worker_TP3_EP3 pid=4596) INFO:2026-06-11 14:09:33,874:Loading standard weights (non-FP8, async)
[36m(vLLMHttpServer pid=4217)[0m (Worker_TP1_EP1 pid=4594) INFO:2026-06-11 14:09:33,874:Loading standard weights (non-FP8, async)
[36m(vLLMHttpServer pid=4217)[0m (Worker_TP3_EP3 pid=4596) INFO:2026-06-11 14:09:33,904:Loading standard weights (non-FP8, async)
[36m(vLLMHttpServer pid=4217)[0m (Worker_TP0_EP0 pid=4593) INFO:2026-06-11 14:09:33,904:Loading standard weights (non-FP8, async)
[36m(vLLMHttpServer pid=4217)[0m (Worker_TP2_EP2 pid=4595) INFO:2026-06-11 14:09:33,904:Loading standard weights (non-FP8, async)
[36m(vLLMHttpServer pid=4217)[0m (Worker_TP1_EP1 pid=4594) INFO:2026-06-11 14:09:33,904:Loading standard weights (non-FP8, async)
[36m(vLLMHttpServer pid=4217)[0m (Worker_TP2_EP2 pid=4595) INFO:2026-06-11 14:09:33,935:Loading standard weights (non-FP8, async)
[36m(vLLMHttpServer pid=4217)[0m (Worker_TP1_EP1 pid=4594) INFO:2026-06-11 14:09:33,935:Loading standard weights (non-FP8, async)
[36m(vLLMHttpServer pid=4217)[0m (Worker_TP3_EP3 pid=4596) INFO:2026-06-11 14:09:33,935:Loading standard weights (non-FP8, async)
[36m(vLLMHttpServer pid=4217)[0m (Worker_TP0_EP0 pid=4593) INFO:2026-06-11 14:09:33,935:Loading standard weights (non-FP8, async)
[36m(vLLMHttpServer pid=4217)[0m (Worker_TP1_EP1 pid=4594) INFO:2026-06-11 14:09:33,966:Loading standard weights (non-FP8, async)
[36m(vLLMHttpServer pid=4217)[0m (Worker_TP0_EP0 pid=4593) INFO:2026-06-11 14:09:33,967:Loading standard weights (non-FP8, async)
[36m(vLLMHttpServer pid=4217)[0m (Worker_TP2_EP2 pid=4595) INFO:2026-06-11 14:09:33,967:Loading standard weights (non-FP8, async)
[36m(vLLMHttpServer pid=4217)[0m (Worker_TP3_EP3 pid=4596) INFO:2026-06-11 14:09:33,967:Loading standard weights (non-FP8, async)
[36m(vLLMHttpServer pid=4217)[0m (Worker_TP0_EP0 pid=4593) INFO:2026-06-11 14:09:33,997:Loading standard weights (non-FP8, async)
[36m(vLLMHttpServer pid=4217)[0m (Worker_TP2_EP2 pid=4595) INFO:2026-06-11 14:09:33,997:Loading standard weights (non-FP8, async)
[36m(vLLMHttpServer pid=4217)[0m (Worker_TP3_EP3 pid=4596) INFO:2026-06-11 14:09:33,997:Loading standard weights (non-FP8, async)
[36m(vLLMHttpServer pid=4217)[0m (Worker_TP1_EP1 pid=4594) INFO:2026-06-11 14:09:33,997:Loading standard weights (non-FP8, async)
[36m(vLLMHttpServer pid=4217)[0m (Worker_TP2_EP2 pid=4595) INFO:2026-06-11 14:09:34,028:Loading standard weights (non-FP8, async)
[36m(vLLMHttpServer pid=4217)[0m (Worker_TP3_EP3 pid=4596) INFO:2026-06-11 14:09:34,028:Loading standard weights (non-FP8, async)
[36m(vLLMHttpServer pid=4217)[0m (Worker_TP1_EP1 pid=4594) INFO:2026-06-11 14:09:34,028:Loading standard weights (non-FP8, async)
[36m(vLLMHttpServer pid=4217)[0m (Worker_TP0_EP0 pid=4593) INFO:2026-06-11 14:09:34,028:Loading standard weights (non-FP8, async)
[36m(vLLMHttpServer pid=4217)[0m (Worker_TP1_EP1 pid=4594) INFO:2026-06-11 14:09:34,060:Loading standard weights (non-FP8, async)
[36m(vLLMHttpServer pid=4217)[0m (Worker_TP2_EP2 pid=4595) INFO:2026-06-11 14:09:34,060:Loading standard weights (non-FP8, async)
[36m(vLLMHttpServer pid=4217)[0m (Worker_TP0_EP0 pid=4593) INFO:2026-06-11 14:09:34,060:Loading standard weights (non-FP8, async)
[36m(vLLMHttpServer pid=4217)[0m (Worker_TP3_EP3 pid=4596) INFO:2026-06-11 14:09:34,060:Loading standard weights (non-FP8, async)
[36m(vLLMHttpServer pid=4217)[0m (Worker_TP0_EP0 pid=4593) INFO:2026-06-11 14:09:34,091:Loading standard weights (non-FP8, async)
[36m(vLLMHttpServer pid=4217)[0m (Worker_TP3_EP3 pid=4596) INFO:2026-06-11 14:09:34,091:Loading standard weights (non-FP8, async)
[36m(vLLMHttpServer pid=4217)[0m (Worker_TP1_EP1 pid=4594) INFO:2026-06-11 14:09:34,091:Loading standard weights (non-FP8, async)
[36m(vLLMHttpServer pid=4217)[0m (Worker_TP2_EP2 pid=4595) INFO:2026-06-11 14:09:34,091:Loading standard weights (non-FP8, async)
[36m(vLLMHttpServer pid=4217)[0m (Worker_TP3_EP3 pid=4596) INFO:2026-06-11 14:09:34,122:Loading standard weights (non-FP8, async)
[36m(vLLMHttpServer pid=4217)[0m (Worker_TP0_EP0 pid=4593) INFO:2026-06-11 14:09:34,122:Loading standard weights (non-FP8, async)
[36m(vLLMHttpServer pid=4217)[0m (Worker_TP1_EP1 pid=4594) INFO:2026-06-11 14:09:34,122:Loading standard weights (non-FP8, async)
[36m(vLLMHttpServer pid=4217)[0m (Worker_TP2_EP2 pid=4595) INFO:2026-06-11 14:09:34,122:Loading standard weights (non-FP8, async)
[36m(vLLMHttpServer pid=4217)[0m (Worker_TP1_EP1 pid=4594) INFO:2026-06-11 14:09:34,153:Loading standard weights (non-FP8, async)
[36m(vLLMHttpServer pid=4217)[0m (Worker_TP2_EP2 pid=4595) INFO:2026-06-11 14:09:34,153:Loading standard weights (non-FP8, async)
[36m(vLLMHttpServer pid=4217)[0m (Worker_TP0_EP0 pid=4593) INFO:2026-06-11 14:09:34,153:Loading standard weights (non-FP8, async)
[36m(vLLMHttpServer pid=4217)[0m (Worker_TP3_EP3 pid=4596) INFO:2026-06-11 14:09:34,153:Loading standard weights (non-FP8, async)
[36m(vLLMHttpServer pid=4217)[0m (Worker_TP1_EP1 pid=4594) INFO:2026-06-11 14:09:34,185:Loading standard weights (non-FP8, async)
[36m(vLLMHttpServer pid=4217)[0m (Worker_TP0_EP0 pid=4593) INFO:2026-06-11 14:09:34,185:Loading standard weights (non-FP8, async)
[36m(vLLMHttpServer pid=4217)[0m (Worker_TP3_EP3 pid=4596) INFO:2026-06-11 14:09:34,185:Loading standard weights (non-FP8, async)
[36m(vLLMHttpServer pid=4217)[0m (Worker_TP2_EP2 pid=4595) INFO:2026-06-11 14:09:34,185:Loading standard weights (non-FP8, async)
[36m(vLLMHttpServer pid=4217)[0m (Worker_TP0_EP0 pid=4593) INFO:2026-06-11 14:09:34,216:Loading standard weights (non-FP8, async)
[36m(vLLMHttpServer pid=4217)[0m (Worker_TP1_EP1 pid=4594) INFO:2026-06-11 14:09:34,216:Loading standard weights (non-FP8, async)
[36m(vLLMHttpServer pid=4217)[0m (Worker_TP3_EP3 pid=4596) INFO:2026-06-11 14:09:34,216:Loading standard weights (non-FP8, async)
[36m(vLLMHttpServer pid=4217)[0m (Worker_TP2_EP2 pid=4595) INFO:2026-06-11 14:09:34,216:Loading standard weights (non-FP8, async)
[36m(vLLMHttpServer pid=4217)[0m (Worker_TP3_EP3 pid=4596) INFO:2026-06-11 14:09:34,246:Loading standard weights (non-FP8, async)
[36m(vLLMHttpServer pid=4217)[0m (Worker_TP2_EP2 pid=4595) INFO:2026-06-11 14:09:34,246:Loading standard weights (non-FP8, async)
[36m(vLLMHttpServer pid=4217)[0m (Worker_TP0_EP0 pid=4593) INFO:2026-06-11 14:09:34,246:Loading standard weights (non-FP8, async)
[36m(vLLMHttpServer pid=4217)[0m (Worker_TP1_EP1 pid=4594) INFO:2026-06-11 14:09:34,246:Loading standard weights (non-FP8, async)
[36m(vLLMHttpServer pid=4217)[0m (Worker_TP1_EP1 pid=4594) INFO:2026-06-11 14:09:34,277:Loading standard weights (non-FP8, async)
[36m(vLLMHttpServer pid=4217)[0m (Worker_TP2_EP2 pid=4595) INFO:2026-06-11 14:09:34,277:Loading standard weights (non-FP8, async)
[36m(vLLMHttpServer pid=4217)[0m (Worker_TP3_EP3 pid=4596) INFO:2026-06-11 14:09:34,277:Loading standard weights (non-FP8, async)
[36m(vLLMHttpServer pid=4217)[0m (Worker_TP0_EP0 pid=4593) INFO:2026-06-11 14:09:34,277:Loading standard weights (non-FP8, async)
[36m(vLLMHttpServer pid=4217)[0m (Worker_TP1_EP1 pid=4594) INFO:2026-06-11 14:09:34,308:Loading standard weights (non-FP8, async)
[36m(vLLMHttpServer pid=4217)[0m (Worker_TP2_EP2 pid=4595) INFO:2026-06-11 14:09:34,308:Loading standard weights (non-FP8, async)
[36m(vLLMHttpServer pid=4217)[0m (Worker_TP0_EP0 pid=4593) INFO:2026-06-11 14:09:34,308:Loading standard weights (non-FP8, async)
[36m(vLLMHttpServer pid=4217)[0m (Worker_TP3_EP3 pid=4596) INFO:2026-06-11 14:09:34,308:Loading standard weights (non-FP8, async)
[36m(vLLMHttpServer pid=4217)[0m (Worker_TP2_EP2 pid=4595) INFO:2026-06-11 14:09:34,340:Loading standard weights (non-FP8, async)
[36m(vLLMHttpServer pid=4217)[0m (Worker_TP0_EP0 pid=4593) INFO:2026-06-11 14:09:34,340:Loading standard weights (non-FP8, async)
[36m(vLLMHttpServer pid=4217)[0m (Worker_TP3_EP3 pid=4596) INFO:2026-06-11 14:09:34,340:Loading standard weights (non-FP8, async)
[36m(vLLMHttpServer pid=4217)[0m (Worker_TP1_EP1 pid=4594) INFO:2026-06-11 14:09:34,343:Loading standard weights (non-FP8, async)
[36m(vLLMHttpServer pid=4217)[0m (Worker_TP1_EP1 pid=4594) INFO:2026-06-11 14:09:34,372:Loading standard weights (non-FP8, async)
[36m(vLLMHttpServer pid=4217)[0m (Worker_TP3_EP3 pid=4596) INFO:2026-06-11 14:09:34,372:Loading standard weights (non-FP8, async)
[36m(vLLMHttpServer pid=4217)[0m (Worker_TP0_EP0 pid=4593) INFO:2026-06-11 14:09:34,372:Loading standard weights (non-FP8, async)
[36m(vLLMHttpServer pid=4217)[0m (Worker_TP2_EP2 pid=4595) INFO:2026-06-11 14:09:34,372:Loading standard weights (non-FP8, async)
[36m(vLLMHttpServer pid=4217)[0m (Worker_TP1_EP1 pid=4594) INFO:2026-06-11 14:09:34,403:Loading standard weights (non-FP8, async)
[36m(vLLMHttpServer pid=4217)[0m (Worker_TP2_EP2 pid=4595) INFO:2026-06-11 14:09:34,403:Loading standard weights (non-FP8, async)
[36m(vLLMHttpServer pid=4217)[0m (Worker_TP0_EP0 pid=4593) INFO:2026-06-11 14:09:34,403:Loading standard weights (non-FP8, async)
[36m(vLLMHttpServer pid=4217)[0m (Worker_TP3_EP3 pid=4596) INFO:2026-06-11 14:09:34,403:Loading standard weights (non-FP8, async)
[36m(vLLMHttpServer pid=4217)[0m (Worker_TP1_EP1 pid=4594) INFO:2026-06-11 14:09:34,438:Loading standard weights (non-FP8, async)
[36m(vLLMHttpServer pid=4217)[0m (Worker_TP0_EP0 pid=4593) INFO:2026-06-11 14:09:34,438:Loading standard weights (non-FP8, async)
[36m(vLLMHttpServer pid=4217)[0m (Worker_TP2_EP2 pid=4595) INFO:2026-06-11 14:09:34,438:Loading standard weights (non-FP8, async)
[36m(vLLMHttpServer pid=4217)[0m (Worker_TP3_EP3 pid=4596) INFO:2026-06-11 14:09:34,438:Loading standard weights (non-FP8, async)
[36m(vLLMHttpServer pid=4217)[0m (Worker_TP0_EP0 pid=4593) INFO:2026-06-11 14:09:34,469:Loading standard weights (non-FP8, async)
[36m(vLLMHttpServer pid=4217)[0m (Worker_TP3_EP3 pid=4596) INFO:2026-06-11 14:09:34,469:Loading standard weights (non-FP8, async)
[36m(vLLMHttpServer pid=4217)[0m (Worker_TP2_EP2 pid=4595) INFO:2026-06-11 14:09:34,469:Loading standard weights (non-FP8, async)
[36m(vLLMHttpServer pid=4217)[0m (Worker_TP1_EP1 pid=4594) INFO:2026-06-11 14:09:34,469:Loading standard weights (non-FP8, async)
[36m(vLLMHttpServer pid=4217)[0m (Worker_TP1_EP1 pid=4594) INFO:2026-06-11 14:09:34,499:Loading standard weights (non-FP8, async)
[36m(vLLMHttpServer pid=4217)[0m (Worker_TP3_EP3 pid=4596) INFO:2026-06-11 14:09:34,499:Loading standard weights (non-FP8, async)
[36m(vLLMHttpServer pid=4217)[0m (Worker_TP0_EP0 pid=4593) INFO:2026-06-11 14:09:34,499:Loading standard weights (non-FP8, async)
[36m(vLLMHttpServer pid=4217)[0m (Worker_TP2_EP2 pid=4595) INFO:2026-06-11 14:09:34,499:Loading standard weights (non-FP8, async)
[36m(vLLMHttpServer pid=4217)[0m (Worker_TP0_EP0 pid=4593) INFO:2026-06-11 14:09:34,532:Loading standard weights (non-FP8, async)
[36m(vLLMHttpServer pid=4217)[0m (Worker_TP3_EP3 pid=4596) INFO:2026-06-11 14:09:34,532:Loading standard weights (non-FP8, async)
[36m(vLLMHttpServer pid=4217)[0m (Worker_TP2_EP2 pid=4595) INFO:2026-06-11 14:09:34,532:Loading standard weights (non-FP8, async)
[36m(vLLMHttpServer pid=4217)[0m (Worker_TP1_EP1 pid=4594) INFO:2026-06-11 14:09:34,532:Loading standard weights (non-FP8, async)
[36m(vLLMHttpServer pid=4217)[0m (Worker_TP0_EP0 pid=4593) INFO:2026-06-11 14:09:34,564:Loading standard weights (non-FP8, async)
[36m(vLLMHttpServer pid=4217)[0m (Worker_TP3_EP3 pid=4596) INFO:2026-06-11 14:09:34,564:Loading standard weights (non-FP8, async)
[36m(vLLMHttpServer pid=4217)[0m (Worker_TP2_EP2 pid=4595) INFO:2026-06-11 14:09:34,564:Loading standard weights (non-FP8, async)
[36m(vLLMHttpServer pid=4217)[0m (Worker_TP1_EP1 pid=4594) INFO:2026-06-11 14:09:34,564:Loading standard weights (non-FP8, async)
[36m(vLLMHttpServer pid=4217)[0m (Worker_TP0_EP0 pid=4593) INFO:2026-06-11 14:09:34,595:Loading standard weights (non-FP8, async)
[36m(vLLMHttpServer pid=4217)[0m (Worker_TP2_EP2 pid=4595) INFO:2026-06-11 14:09:34,595:Loading standard weights (non-FP8, async)
[36m(vLLMHttpServer pid=4217)[0m (Worker_TP3_EP3 pid=4596) INFO:2026-06-11 14:09:34,595:Loading standard weights (non-FP8, async)
[36m(vLLMHttpServer pid=4217)[0m (Worker_TP1_EP1 pid=4594) INFO:2026-06-11 14:09:34,595:Loading standard weights (non-FP8, async)
[36m(vLLMHttpServer pid=4217)[0m (Worker_TP3_EP3 pid=4596) INFO:2026-06-11 14:09:34,625:Loading standard weights (non-FP8, async)
[36m(vLLMHttpServer pid=4217)[0m (Worker_TP1_EP1 pid=4594) INFO:2026-06-11 14:09:34,625:Loading standard weights (non-FP8, async)
[36m(vLLMHttpServer pid=4217)[0m (Worker_TP0_EP0 pid=4593) INFO:2026-06-11 14:09:34,625:Loading standard weights (non-FP8, async)
[36m(vLLMHttpServer pid=4217)[0m (Worker_TP2_EP2 pid=4595) INFO:2026-06-11 14:09:34,625:Loading standard weights (non-FP8, async)
[36m(vLLMHttpServer pid=4217)[0m (Worker_TP3_EP3 pid=4596) INFO:2026-06-11 14:09:34,656:Loading standard weights (non-FP8, async)
[36m(vLLMHttpServer pid=4217)[0m (Worker_TP2_EP2 pid=4595) INFO:2026-06-11 14:09:34,656:Loading standard weights (non-FP8, async)
[36m(vLLMHttpServer pid=4217)[0m (Worker_TP0_EP0 pid=4593) INFO:2026-06-11 14:09:34,656:Loading standard weights (non-FP8, async)
[36m(vLLMHttpServer pid=4217)[0m (Worker_TP1_EP1 pid=4594) INFO:2026-06-11 14:09:34,656:Loading standard weights (non-FP8, async)
[36m(vLLMHttpServer pid=4217)[0m (Worker_TP1_EP1 pid=4594) INFO:2026-06-11 14:09:34,687:Loading standard weights (non-FP8, async)
[36m(vLLMHttpServer pid=4217)[0m (Worker_TP0_EP0 pid=4593) INFO:2026-06-11 14:09:34,687:Loading standard weights (non-FP8, async)
[36m(vLLMHttpServer pid=4217)[0m (Worker_TP3_EP3 pid=4596) INFO:2026-06-11 14:09:34,687:Loading standard weights (non-FP8, async)
[36m(vLLMHttpServer pid=4217)[0m (Worker_TP2_EP2 pid=4595) INFO:2026-06-11 14:09:34,687:Loading standard weights (non-FP8, async)
[36m(vLLMHttpServer pid=4217)[0m (Worker_TP3_EP3 pid=4596) INFO:2026-06-11 14:09:34,718:Loading standard weights (non-FP8, async)
[36m(vLLMHttpServer pid=4217)[0m (Worker_TP1_EP1 pid=4594) INFO:2026-06-11 14:09:34,718:Loading standard weights (non-FP8, async)
[36m(vLLMHttpServer pid=4217)[0m (Worker_TP0_EP0 pid=4593) INFO:2026-06-11 14:09:34,718:Loading standard weights (non-FP8, async)
[36m(vLLMHttpServer pid=4217)[0m (Worker_TP2_EP2 pid=4595) INFO:2026-06-11 14:09:34,718:Loading standard weights (non-FP8, async)
[36m(vLLMHttpServer pid=4217)[0m (Worker_TP0_EP0 pid=4593) INFO:2026-06-11 14:09:34,747:Loading standard weights (non-FP8, async)
[36m(vLLMHttpServer pid=4217)[0m (Worker_TP3_EP3 pid=4596) INFO:2026-06-11 14:09:34,747:Loading standard weights (non-FP8, async)
[36m(vLLMHttpServer pid=4217)[0m (Worker_TP1_EP1 pid=4594) INFO:2026-06-11 14:09:34,748:Loading standard weights (non-FP8, async)
[36m(vLLMHttpServer pid=4217)[0m (Worker_TP2_EP2 pid=4595) INFO:2026-06-11 14:09:34,748:Loading standard weights (non-FP8, async)
[36m(vLLMHttpServer pid=4217)[0m (Worker_TP2_EP2 pid=4595) INFO:2026-06-11 14:09:34,775:Loading standard weights (non-FP8, async)
[36m(vLLMHttpServer pid=4217)[0m (Worker_TP0_EP0 pid=4593) INFO:2026-06-11 14:09:34,775:Loading standard weights (non-FP8, async)
[36m(vLLMHttpServer pid=4217)[0m (Worker_TP3_EP3 pid=4596) INFO:2026-06-11 14:09:34,775:Loading standard weights (non-FP8, async)
[36m(vLLMHttpServer pid=4217)[0m (Worker_TP1_EP1 pid=4594) INFO:2026-06-11 14:09:34,776:Loading standard weights (non-FP8, async)
[36m(vLLMHttpServer pid=4217)[0m (Worker_TP0_EP0 pid=4593) INFO:2026-06-11 14:09:34,802:Loading standard weights (non-FP8, async)
[36m(vLLMHttpServer pid=4217)[0m (Worker_TP3_EP3 pid=4596) INFO:2026-06-11 14:09:34,804:Loading standard weights (non-FP8, async)
[36m(vLLMHttpServer pid=4217)[0m (Worker_TP2_EP2 pid=4595) INFO:2026-06-11 14:09:34,804:Loading standard weights (non-FP8, async)
[36m(vLLMHttpServer pid=4217)[0m (Worker_TP1_EP1 pid=4594) INFO:2026-06-11 14:09:34,805:Loading standard weights (non-FP8, async)
[36m(TaskRunner pid=1943)[0m Training Progress:  20%|██        | 1/5 [02:04<08:19, 124.89s/it]
[36m(WorkerDict pid=2228)[0m /opt/verl/verl/utils/device.py:146: FutureWarning: torch.cuda._set_allocator_settings is deprecated. Use torch._C._accelerator_setAllocatorSettings instead.[32m [repeated 3x across cluster][0m
[36m(WorkerDict pid=2228)[0m   torch.cuda.memory._set_allocator_settings(f"expandable_segments:{enable}")[32m [repeated 3x across cluster][0m
[36m(vLLMHttpServer pid=4217)[0m (Worker_TP2_EP2 pid=4595) INFO:2026-06-11 14:09:55,616:Loading standard weights (non-FP8, async)
[36m(vLLMHttpServer pid=4217)[0m (Worker_TP3_EP3 pid=4596) INFO:2026-06-11 14:09:55,617:Loading standard weights (non-FP8, async)
[36m(vLLMHttpServer pid=4217)[0m (Worker_TP0_EP0 pid=4593) INFO:2026-06-11 14:09:55,617:Loading standard weights (non-FP8, async)
[36m(vLLMHttpServer pid=4217)[0m (Worker_TP1_EP1 pid=4594) INFO:2026-06-11 14:09:55,617:Loading standard weights (non-FP8, async)
[36m(vLLMHttpServer pid=4217)[0m (Worker_TP3_EP3 pid=4596) INFO:2026-06-11 14:09:55,643:Loading standard weights (non-FP8, async)
[36m(vLLMHttpServer pid=4217)[0m (Worker_TP1_EP1 pid=4594) INFO:2026-06-11 14:09:55,643:Loading standard weights (non-FP8, async)
[36m(vLLMHttpServer pid=4217)[0m (Worker_TP2_EP2 pid=4595) INFO:2026-06-11 14:09:55,643:Loading standard weights (non-FP8, async)
[36m(vLLMHttpServer pid=4217)[0m (Worker_TP0_EP0 pid=4593) INFO:2026-06-11 14:09:55,644:Loading standard weights (non-FP8, async)
[36m(vLLMHttpServer pid=4217)[0m (Worker_TP3_EP3 pid=4596) INFO:2026-06-11 14:09:55,676:Loading standard weights (non-FP8, async)
[36m(vLLMHttpServer pid=4217)[0m (Worker_TP0_EP0 pid=4593) INFO:2026-06-11 14:09:55,676:Loading standard weights (non-FP8, async)
[36m(vLLMHttpServer pid=4217)[0m (Worker_TP1_EP1 pid=4594) INFO:2026-06-11 14:09:55,676:Loading standard weights (non-FP8, async)
[36m(vLLMHttpServer pid=4217)[0m (Worker_TP2_EP2 pid=4595) INFO:2026-06-11 14:09:55,676:Loading standard weights (non-FP8, async)
[36m(vLLMHttpServer pid=4217)[0m (Worker_TP3_EP3 pid=4596) INFO:2026-06-11 14:09:55,707:Loading standard weights (non-FP8, async)
[36m(vLLMHttpServer pid=4217)[0m (Worker_TP0_EP0 pid=4593) INFO:2026-06-11 14:09:55,707:Loading standard weights (non-FP8, async)
[36m(vLLMHttpServer pid=4217)[0m (Worker_TP2_EP2 pid=4595) INFO:2026-06-11 14:09:55,707:Loading standard weights (non-FP8, async)
[36m(vLLMHttpServer pid=4217)[0m (Worker_TP1_EP1 pid=4594) INFO:2026-06-11 14:09:55,707:Loading standard weights (non-FP8, async)
[36m(vLLMHttpServer pid=4217)[0m (Worker_TP0_EP0 pid=4593) INFO:2026-06-11 14:09:55,739:Loading standard weights (non-FP8, async)
[36m(vLLMHttpServer pid=4217)[0m (Worker_TP3_EP3 pid=4596) INFO:2026-06-11 14:09:55,739:Loading standard weights (non-FP8, async)
[36m(vLLMHttpServer pid=4217)[0m (Worker_TP2_EP2 pid=4595) INFO:2026-06-11 14:09:55,739:Loading standard weights (non-FP8, async)
[36m(vLLMHttpServer pid=4217)[0m (Worker_TP1_EP1 pid=4594) INFO:2026-06-11 14:09:55,739:Loading standard weights (non-FP8, async)
[36m(vLLMHttpServer pid=4217)[0m (Worker_TP3_EP3 pid=4596) INFO:2026-06-11 14:09:55,770:Loading standard weights (non-FP8, async)
[36m(vLLMHttpServer pid=4217)[0m (Worker_TP2_EP2 pid=4595) INFO:2026-06-11 14:09:55,770:Loading standard weights (non-FP8, async)
[36m(vLLMHttpServer pid=4217)[0m (Worker_TP1_EP1 pid=4594) INFO:2026-06-11 14:09:55,770:Loading standard weights (non-FP8, async)
[36m(vLLMHttpServer pid=4217)[0m (Worker_TP0_EP0 pid=4593) INFO:2026-06-11 14:09:55,770:Loading standard weights (non-FP8, async)
[36m(vLLMHttpServer pid=4217)[0m (Worker_TP1_EP1 pid=4594) INFO:2026-06-11 14:09:55,800:Loading standard weights (non-FP8, async)
[36m(vLLMHttpServer pid=4217)[0m (Worker_TP2_EP2 pid=4595) INFO:2026-06-11 14:09:55,800:Loading standard weights (non-FP8, async)
[36m(vLLMHttpServer pid=4217)[0m (Worker_TP0_EP0 pid=4593) INFO:2026-06-11 14:09:55,800:Loading standard weights (non-FP8, async)
[36m(vLLMHttpServer pid=4217)[0m (Worker_TP3_EP3 pid=4596) INFO:2026-06-11 14:09:55,800:Loading standard weights (non-FP8, async)
[36m(vLLMHttpServer pid=4217)[0m (Worker_TP1_EP1 pid=4594) INFO:2026-06-11 14:09:55,830:Loading standard weights (non-FP8, async)
[36m(vLLMHttpServer pid=4217)[0m (Worker_TP2_EP2 pid=4595) INFO:2026-06-11 14:09:55,830:Loading standard weights (non-FP8, async)
[36m(vLLMHttpServer pid=4217)[0m (Worker_TP3_EP3 pid=4596) INFO:2026-06-11 14:09:55,830:Loading standard weights (non-FP8, async)
[36m(vLLMHttpServer pid=4217)[0m (Worker_TP0_EP0 pid=4593) INFO:2026-06-11 14:09:55,830:Loading standard weights (non-FP8, async)
[36m(vLLMHttpServer pid=4217)[0m (Worker_TP1_EP1 pid=4594) INFO:2026-06-11 14:09:55,859:Loading standard weights (non-FP8, async)
[36m(vLLMHttpServer pid=4217)[0m (Worker_TP0_EP0 pid=4593) INFO:2026-06-11 14:09:55,859:Loading standard weights (non-FP8, async)
[36m(vLLMHttpServer pid=4217)[0m (Worker_TP3_EP3 pid=4596) INFO:2026-06-11 14:09:55,859:Loading standard weights (non-FP8, async)
[36m(vLLMHttpServer pid=4217)[0m (Worker_TP2_EP2 pid=4595) INFO:2026-06-11 14:09:55,859:Loading standard weights (non-FP8, async)
[36m(vLLMHttpServer pid=4217)[0m (Worker_TP3_EP3 pid=4596) INFO:2026-06-11 14:09:55,890:Loading standard weights (non-FP8, async)
[36m(vLLMHttpServer pid=4217)[0m (Worker_TP0_EP0 pid=4593) INFO:2026-06-11 14:09:55,890:Loading standard weights (non-FP8, async)
[36m(vLLMHttpServer pid=4217)[0m (Worker_TP2_EP2 pid=4595) INFO:2026-06-11 14:09:55,890:Loading standard weights (non-FP8, async)
[36m(vLLMHttpServer pid=4217)[0m (Worker_TP1_EP1 pid=4594) INFO:2026-06-11 14:09:55,890:Loading standard weights (non-FP8, async)
[36m(vLLMHttpServer pid=4217)[0m (Worker_TP2_EP2 pid=4595) INFO:2026-06-11 14:09:55,921:Loading standard weights (non-FP8, async)
[36m(vLLMHttpServer pid=4217)[0m (Worker_TP0_EP0 pid=4593) INFO:2026-06-11 14:09:55,921:Loading standard weights (non-FP8, async)
[36m(vLLMHttpServer pid=4217)[0m (Worker_TP3_EP3 pid=4596) INFO:2026-06-11 14:09:55,921:Loading standard weights (non-FP8, async)
[36m(vLLMHttpServer pid=4217)[0m (Worker_TP1_EP1 pid=4594) INFO:2026-06-11 14:09:55,921:Loading standard weights (non-FP8, async)
[36m(vLLMHttpServer pid=4217)[0m (Worker_TP0_EP0 pid=4593) INFO:2026-06-11 14:09:55,951:Loading standard weights (non-FP8, async)
[36m(vLLMHttpServer pid=4217)[0m (Worker_TP1_EP1 pid=4594) INFO:2026-06-11 14:09:55,951:Loading standard weights (non-FP8, async)
[36m(vLLMHttpServer pid=4217)[0m (Worker_TP3_EP3 pid=4596) INFO:2026-06-11 14:09:55,951:Loading standard weights (non-FP8, async)
[36m(vLLMHttpServer pid=4217)[0m (Worker_TP2_EP2 pid=4595) INFO:2026-06-11 14:09:55,951:Loading standard weights (non-FP8, async)
[36m(vLLMHttpServer pid=4217)[0m (Worker_TP1_EP1 pid=4594) INFO:2026-06-11 14:09:55,981:Loading standard weights (non-FP8, async)
[36m(vLLMHttpServer pid=4217)[0m (Worker_TP2_EP2 pid=4595) INFO:2026-06-11 14:09:55,981:Loading standard weights (non-FP8, async)
[36m(vLLMHttpServer pid=4217)[0m (Worker_TP3_EP3 pid=4596) INFO:2026-06-11 14:09:55,981:Loading standard weights (non-FP8, async)
[36m(vLLMHttpServer pid=4217)[0m (Worker_TP0_EP0 pid=4593) INFO:2026-06-11 14:09:55,981:Loading standard weights (non-FP8, async)
[36m(vLLMHttpServer pid=4217)[0m (Worker_TP0_EP0 pid=4593) INFO:2026-06-11 14:09:56,012:Loading standard weights (non-FP8, async)
[36m(vLLMHttpServer pid=4217)[0m (Worker_TP1_EP1 pid=4594) INFO:2026-06-11 14:09:56,012:Loading standard weights (non-FP8, async)
[36m(vLLMHttpServer pid=4217)[0m (Worker_TP3_EP3 pid=4596) INFO:2026-06-11 14:09:56,012:Loading standard weights (non-FP8, async)
[36m(vLLMHttpServer pid=4217)[0m (Worker_TP2_EP2 pid=4595) INFO:2026-06-11 14:09:56,012:Loading standard weights (non-FP8, async)
[36m(vLLMHttpServer pid=4217)[0m (Worker_TP3_EP3 pid=4596) INFO:2026-06-11 14:09:56,043:Loading standard weights (non-FP8, async)
[36m(vLLMHttpServer pid=4217)[0m (Worker_TP0_EP0 pid=4593) INFO:2026-06-11 14:09:56,043:Loading standard weights (non-FP8, async)
[36m(vLLMHttpServer pid=4217)[0m (Worker_TP1_EP1 pid=4594) INFO:2026-06-11 14:09:56,043:Loading standard weights (non-FP8, async)
[36m(vLLMHttpServer pid=4217)[0m (Worker_TP2_EP2 pid=4595) INFO:2026-06-11 14:09:56,043:Loading standard weights (non-FP8, async)
[36m(vLLMHttpServer pid=4217)[0m (Worker_TP0_EP0 pid=4593) INFO:2026-06-11 14:09:56,073:Loading standard weights (non-FP8, async)
[36m(vLLMHttpServer pid=4217)[0m (Worker_TP3_EP3 pid=4596) INFO:2026-06-11 14:09:56,073:Loading standard weights (non-FP8, async)
[36m(vLLMHttpServer pid=4217)[0m (Worker_TP2_EP2 pid=4595) INFO:2026-06-11 14:09:56,073:Loading standard weights (non-FP8, async)
[36m(vLLMHttpServer pid=4217)[0m (Worker_TP1_EP1 pid=4594) INFO:2026-06-11 14:09:56,073:Loading standard weights (non-FP8, async)
[36m(vLLMHttpServer pid=4217)[0m (Worker_TP1_EP1 pid=4594) INFO:2026-06-11 14:09:56,103:Loading standard weights (non-FP8, async)
[36m(vLLMHttpServer pid=4217)[0m (Worker_TP3_EP3 pid=4596) INFO:2026-06-11 14:09:56,103:Loading standard weights (non-FP8, async)
[36m(vLLMHttpServer pid=4217)[0m (Worker_TP0_EP0 pid=4593) INFO:2026-06-11 14:09:56,103:Loading standard weights (non-FP8, async)
[36m(vLLMHttpServer pid=4217)[0m (Worker_TP2_EP2 pid=4595) INFO:2026-06-11 14:09:56,103:Loading standard weights (non-FP8, async)
[36m(vLLMHttpServer pid=4217)[0m (Worker_TP2_EP2 pid=4595) INFO:2026-06-11 14:09:56,133:Loading standard weights (non-FP8, async)
[36m(vLLMHttpServer pid=4217)[0m (Worker_TP0_EP0 pid=4593) INFO:2026-06-11 14:09:56,133:Loading standard weights (non-FP8, async)
[36m(vLLMHttpServer pid=4217)[0m (Worker_TP3_EP3 pid=4596) INFO:2026-06-11 14:09:56,133:Loading standard weights (non-FP8, async)
[36m(vLLMHttpServer pid=4217)[0m (Worker_TP1_EP1 pid=4594) INFO:2026-06-11 14:09:56,133:Loading standard weights (non-FP8, async)
[36m(vLLMHttpServer pid=4217)[0m (Worker_TP2_EP2 pid=4595) INFO:2026-06-11 14:09:56,164:Loading standard weights (non-FP8, async)
[36m(vLLMHttpServer pid=4217)[0m (Worker_TP1_EP1 pid=4594) INFO:2026-06-11 14:09:56,164:Loading standard weights (non-FP8, async)
[36m(vLLMHttpServer pid=4217)[0m (Worker_TP0_EP0 pid=4593) INFO:2026-06-11 14:09:56,164:Loading standard weights (non-FP8, async)
[36m(vLLMHttpServer pid=4217)[0m (Worker_TP3_EP3 pid=4596) INFO:2026-06-11 14:09:56,164:Loading standard weights (non-FP8, async)
[36m(vLLMHttpServer pid=4217)[0m (Worker_TP0_EP0 pid=4593) INFO:2026-06-11 14:09:56,193:Loading standard weights (non-FP8, async)
[36m(vLLMHttpServer pid=4217)[0m (Worker_TP3_EP3 pid=4596) INFO:2026-06-11 14:09:56,193:Loading standard weights (non-FP8, async)
[36m(vLLMHttpServer pid=4217)[0m (Worker_TP1_EP1 pid=4594) INFO:2026-06-11 14:09:56,193:Loading standard weights (non-FP8, async)
[36m(vLLMHttpServer pid=4217)[0m (Worker_TP2_EP2 pid=4595) INFO:2026-06-11 14:09:56,193:Loading standard weights (non-FP8, async)
[36m(vLLMHttpServer pid=4217)[0m (Worker_TP0_EP0 pid=4593) INFO:2026-06-11 14:09:56,223:Loading standard weights (non-FP8, async)
[36m(vLLMHttpServer pid=4217)[0m (Worker_TP2_EP2 pid=4595) INFO:2026-06-11 14:09:56,224:Loading standard weights (non-FP8, async)
[36m(vLLMHttpServer pid=4217)[0m (Worker_TP1_EP1 pid=4594) INFO:2026-06-11 14:09:56,224:Loading standard weights (non-FP8, async)
[36m(vLLMHttpServer pid=4217)[0m (Worker_TP3_EP3 pid=4596) INFO:2026-06-11 14:09:56,224:Loading standard weights (non-FP8, async)
[36m(vLLMHttpServer pid=4217)[0m (Worker_TP2_EP2 pid=4595) INFO:2026-06-11 14:09:56,255:Loading standard weights (non-FP8, async)
[36m(vLLMHttpServer pid=4217)[0m (Worker_TP3_EP3 pid=4596) INFO:2026-06-11 14:09:56,255:Loading standard weights (non-FP8, async)
[36m(vLLMHttpServer pid=4217)[0m (Worker_TP0_EP0 pid=4593) INFO:2026-06-11 14:09:56,255:Loading standard weights (non-FP8, async)
[36m(vLLMHttpServer pid=4217)[0m (Worker_TP1_EP1 pid=4594) INFO:2026-06-11 14:09:56,255:Loading standard weights (non-FP8, async)
[36m(vLLMHttpServer pid=4217)[0m (Worker_TP2_EP2 pid=4595) INFO:2026-06-11 14:09:56,286:Loading standard weights (non-FP8, async)
[36m(vLLMHttpServer pid=4217)[0m (Worker_TP0_EP0 pid=4593) INFO:2026-06-11 14:09:56,286:Loading standard weights (non-FP8, async)
[36m(vLLMHttpServer pid=4217)[0m (Worker_TP1_EP1 pid=4594) INFO:2026-06-11 14:09:56,286:Loading standard weights (non-FP8, async)
[36m(vLLMHttpServer pid=4217)[0m (Worker_TP3_EP3 pid=4596) INFO:2026-06-11 14:09:56,286:Loading standard weights (non-FP8, async)
[36m(vLLMHttpServer pid=4217)[0m (Worker_TP3_EP3 pid=4596) INFO:2026-06-11 14:09:56,316:Loading standard weights (non-FP8, async)
[36m(vLLMHttpServer pid=4217)[0m (Worker_TP1_EP1 pid=4594) INFO:2026-06-11 14:09:56,316:Loading standard weights (non-FP8, async)
[36m(vLLMHttpServer pid=4217)[0m (Worker_TP0_EP0 pid=4593) INFO:2026-06-11 14:09:56,316:Loading standard weights (non-FP8, async)
[36m(vLLMHttpServer pid=4217)[0m (Worker_TP2_EP2 pid=4595) INFO:2026-06-11 14:09:56,316:Loading standard weights (non-FP8, async)
[36m(vLLMHttpServer pid=4217)[0m (Worker_TP0_EP0 pid=4593) INFO:2026-06-11 14:09:56,347:Loading standard weights (non-FP8, async)
[36m(vLLMHttpServer pid=4217)[0m (Worker_TP1_EP1 pid=4594) INFO:2026-06-11 14:09:56,347:Loading standard weights (non-FP8, async)
[36m(vLLMHttpServer pid=4217)[0m (Worker_TP3_EP3 pid=4596) INFO:2026-06-11 14:09:56,347:Loading standard weights (non-FP8, async)
[36m(vLLMHttpServer pid=4217)[0m (Worker_TP2_EP2 pid=4595) INFO:2026-06-11 14:09:56,347:Loading standard weights (non-FP8, async)
[36m(vLLMHttpServer pid=4217)[0m (Worker_TP3_EP3 pid=4596) INFO:2026-06-11 14:09:56,378:Loading standard weights (non-FP8, async)
[36m(vLLMHttpServer pid=4217)[0m (Worker_TP1_EP1 pid=4594) INFO:2026-06-11 14:09:56,378:Loading standard weights (non-FP8, async)
[36m(vLLMHttpServer pid=4217)[0m (Worker_TP0_EP0 pid=4593) INFO:2026-06-11 14:09:56,378:Loading standard weights (non-FP8, async)
[36m(vLLMHttpServer pid=4217)[0m (Worker_TP2_EP2 pid=4595) INFO:2026-06-11 14:09:56,378:Loading standard weights (non-FP8, async)
[36m(vLLMHttpServer pid=4217)[0m (Worker_TP3_EP3 pid=4596) INFO:2026-06-11 14:09:56,409:Loading standard weights (non-FP8, async)
[36m(vLLMHttpServer pid=4217)[0m (Worker_TP2_EP2 pid=4595) INFO:2026-06-11 14:09:56,409:Loading standard weights (non-FP8, async)
[36m(vLLMHttpServer pid=4217)[0m (Worker_TP0_EP0 pid=4593) INFO:2026-06-11 14:09:56,409:Loading standard weights (non-FP8, async)
[36m(vLLMHttpServer pid=4217)[0m (Worker_TP1_EP1 pid=4594) INFO:2026-06-11 14:09:56,409:Loading standard weights (non-FP8, async)
[36m(vLLMHttpServer pid=4217)[0m (Worker_TP2_EP2 pid=4595) INFO:2026-06-11 14:09:56,440:Loading standard weights (non-FP8, async)
[36m(vLLMHttpServer pid=4217)[0m (Worker_TP3_EP3 pid=4596) INFO:2026-06-11 14:09:56,440:Loading standard weights (non-FP8, async)
[36m(vLLMHttpServer pid=4217)[0m (Worker_TP0_EP0 pid=4593) INFO:2026-06-11 14:09:56,440:Loading standard weights (non-FP8, async)
[36m(vLLMHttpServer pid=4217)[0m (Worker_TP1_EP1 pid=4594) INFO:2026-06-11 14:09:56,440:Loading standard weights (non-FP8, async)
[36m(vLLMHttpServer pid=4217)[0m (Worker_TP3_EP3 pid=4596) INFO:2026-06-11 14:09:56,470:Loading standard weights (non-FP8, async)
[36m(vLLMHttpServer pid=4217)[0m (Worker_TP2_EP2 pid=4595) INFO:2026-06-11 14:09:56,470:Loading standard weights (non-FP8, async)
[36m(vLLMHttpServer pid=4217)[0m (Worker_TP0_EP0 pid=4593) INFO:2026-06-11 14:09:56,470:Loading standard weights (non-FP8, async)
[36m(vLLMHttpServer pid=4217)[0m (Worker_TP1_EP1 pid=4594) INFO:2026-06-11 14:09:56,470:Loading standard weights (non-FP8, async)
[36m(vLLMHttpServer pid=4217)[0m (Worker_TP3_EP3 pid=4596) INFO:2026-06-11 14:09:56,501:Loading standard weights (non-FP8, async)
[36m(vLLMHttpServer pid=4217)[0m (Worker_TP2_EP2 pid=4595) INFO:2026-06-11 14:09:56,501:Loading standard weights (non-FP8, async)
[36m(vLLMHttpServer pid=4217)[0m (Worker_TP1_EP1 pid=4594) INFO:2026-06-11 14:09:56,501:Loading standard weights (non-FP8, async)
[36m(vLLMHttpServer pid=4217)[0m (Worker_TP0_EP0 pid=4593) INFO:2026-06-11 14:09:56,502:Loading standard weights (non-FP8, async)
[36m(vLLMHttpServer pid=4217)[0m (Worker_TP3_EP3 pid=4596) INFO:2026-06-11 14:09:56,531:Loading standard weights (non-FP8, async)
[36m(vLLMHttpServer pid=4217)[0m (Worker_TP0_EP0 pid=4593) INFO:2026-06-11 14:09:56,531:Loading standard weights (non-FP8, async)
[36m(vLLMHttpServer pid=4217)[0m (Worker_TP2_EP2 pid=4595) INFO:2026-06-11 14:09:56,531:Loading standard weights (non-FP8, async)
[36m(vLLMHttpServer pid=4217)[0m (Worker_TP1_EP1 pid=4594) INFO:2026-06-11 14:09:56,531:Loading standard weights (non-FP8, async)
[36m(vLLMHttpServer pid=4217)[0m (Worker_TP3_EP3 pid=4596) INFO:2026-06-11 14:09:56,561:Loading standard weights (non-FP8, async)
[36m(vLLMHttpServer pid=4217)[0m (Worker_TP0_EP0 pid=4593) INFO:2026-06-11 14:09:56,562:Loading standard weights (non-FP8, async)
[36m(vLLMHttpServer pid=4217)[0m (Worker_TP2_EP2 pid=4595) INFO:2026-06-11 14:09:56,562:Loading standard weights (non-FP8, async)
[36m(vLLMHttpServer pid=4217)[0m (Worker_TP1_EP1 pid=4594) INFO:2026-06-11 14:09:56,562:Loading standard weights (non-FP8, async)
[36m(vLLMHttpServer pid=4217)[0m (Worker_TP2_EP2 pid=4595) INFO:2026-06-11 14:09:56,592:Loading standard weights (non-FP8, async)
[36m(vLLMHttpServer pid=4217)[0m (Worker_TP3_EP3 pid=4596) INFO:2026-06-11 14:09:56,592:Loading standard weights (non-FP8, async)
[36m(vLLMHttpServer pid=4217)[0m (Worker_TP1_EP1 pid=4594) INFO:2026-06-11 14:09:56,592:Loading standard weights (non-FP8, async)
[36m(vLLMHttpServer pid=4217)[0m (Worker_TP0_EP0 pid=4593) INFO:2026-06-11 14:09:56,592:Loading standard weights (non-FP8, async)
[36m(vLLMHttpServer pid=4217)[0m (Worker_TP2_EP2 pid=4595) INFO:2026-06-11 14:09:56,623:Loading standard weights (non-FP8, async)
[36m(vLLMHttpServer pid=4217)[0m (Worker_TP0_EP0 pid=4593) INFO:2026-06-11 14:09:56,623:Loading standard weights (non-FP8, async)
[36m(vLLMHttpServer pid=4217)[0m (Worker_TP3_EP3 pid=4596) INFO:2026-06-11 14:09:56,623:Loading standard weights (non-FP8, async)
[36m(vLLMHttpServer pid=4217)[0m (Worker_TP1_EP1 pid=4594) INFO:2026-06-11 14:09:56,623:Loading standard weights (non-FP8, async)
[36m(vLLMHttpServer pid=4217)[0m (Worker_TP3_EP3 pid=4596) INFO:2026-06-11 14:09:56,653:Loading standard weights (non-FP8, async)
[36m(vLLMHttpServer pid=4217)[0m (Worker_TP2_EP2 pid=4595) INFO:2026-06-11 14:09:56,654:Loading standard weights (non-FP8, async)
[36m(vLLMHttpServer pid=4217)[0m (Worker_TP0_EP0 pid=4593) INFO:2026-06-11 14:09:56,653:Loading standard weights (non-FP8, async)
[36m(vLLMHttpServer pid=4217)[0m (Worker_TP1_EP1 pid=4594) INFO:2026-06-11 14:09:56,654:Loading standard weights (non-FP8, async)
[36m(vLLMHttpServer pid=4217)[0m (Worker_TP3_EP3 pid=4596) INFO:2026-06-11 14:09:56,684:Loading standard weights (non-FP8, async)
[36m(vLLMHttpServer pid=4217)[0m (Worker_TP0_EP0 pid=4593) INFO:2026-06-11 14:09:56,684:Loading standard weights (non-FP8, async)
[36m(vLLMHttpServer pid=4217)[0m (Worker_TP1_EP1 pid=4594) INFO:2026-06-11 14:09:56,684:Loading standard weights (non-FP8, async)
[36m(vLLMHttpServer pid=4217)[0m (Worker_TP2_EP2 pid=4595) INFO:2026-06-11 14:09:56,684:Loading standard weights (non-FP8, async)
[36m(vLLMHttpServer pid=4217)[0m (Worker_TP0_EP0 pid=4593) INFO:2026-06-11 14:09:56,715:Loading standard weights (non-FP8, async)
[36m(vLLMHttpServer pid=4217)[0m (Worker_TP2_EP2 pid=4595) INFO:2026-06-11 14:09:56,715:Loading standard weights (non-FP8, async)
[36m(vLLMHttpServer pid=4217)[0m (Worker_TP3_EP3 pid=4596) INFO:2026-06-11 14:09:56,715:Loading standard weights (non-FP8, async)
[36m(vLLMHttpServer pid=4217)[0m (Worker_TP1_EP1 pid=4594) INFO:2026-06-11 14:09:56,715:Loading standard weights (non-FP8, async)
[36m(vLLMHttpServer pid=4217)[0m (Worker_TP2_EP2 pid=4595) INFO:2026-06-11 14:09:56,746:Loading standard weights (non-FP8, async)
[36m(vLLMHttpServer pid=4217)[0m (Worker_TP0_EP0 pid=4593) INFO:2026-06-11 14:09:56,746:Loading standard weights (non-FP8, async)
[36m(vLLMHttpServer pid=4217)[0m (Worker_TP3_EP3 pid=4596) INFO:2026-06-11 14:09:56,746:Loading standard weights (non-FP8, async)
[36m(vLLMHttpServer pid=4217)[0m (Worker_TP1_EP1 pid=4594) INFO:2026-06-11 14:09:56,746:Loading standard weights (non-FP8, async)
[36m(vLLMHttpServer pid=4217)[0m (Worker_TP3_EP3 pid=4596) INFO:2026-06-11 14:09:56,777:Loading standard weights (non-FP8, async)
[36m(vLLMHttpServer pid=4217)[0m (Worker_TP0_EP0 pid=4593) INFO:2026-06-11 14:09:56,777:Loading standard weights (non-FP8, async)
[36m(vLLMHttpServer pid=4217)[0m (Worker_TP2_EP2 pid=4595) INFO:2026-06-11 14:09:56,777:Loading standard weights (non-FP8, async)
[36m(vLLMHttpServer pid=4217)[0m (Worker_TP1_EP1 pid=4594) INFO:2026-06-11 14:09:56,777:Loading standard weights (non-FP8, async)
[36m(vLLMHttpServer pid=4217)[0m (Worker_TP2_EP2 pid=4595) INFO:2026-06-11 14:09:56,808:Loading standard weights (non-FP8, async)
[36m(vLLMHttpServer pid=4217)[0m (Worker_TP3_EP3 pid=4596) INFO:2026-06-11 14:09:56,808:Loading standard weights (non-FP8, async)
[36m(vLLMHttpServer pid=4217)[0m (Worker_TP0_EP0 pid=4593) INFO:2026-06-11 14:09:56,808:Loading standard weights (non-FP8, async)
[36m(vLLMHttpServer pid=4217)[0m (Worker_TP1_EP1 pid=4594) INFO:2026-06-11 14:09:56,808:Loading standard weights (non-FP8, async)
[36m(vLLMHttpServer pid=4217)[0m (Worker_TP1_EP1 pid=4594) INFO:2026-06-11 14:09:56,836:Loading standard weights (non-FP8, async)
[36m(vLLMHttpServer pid=4217)[0m (Worker_TP0_EP0 pid=4593) INFO:2026-06-11 14:09:56,836:Loading standard weights (non-FP8, async)
[36m(vLLMHttpServer pid=4217)[0m (Worker_TP2_EP2 pid=4595) INFO:2026-06-11 14:09:56,836:Loading standard weights (non-FP8, async)
[36m(vLLMHttpServer pid=4217)[0m (Worker_TP3_EP3 pid=4596) INFO:2026-06-11 14:09:56,836:Loading standard weights (non-FP8, async)
[36m(vLLMHttpServer pid=4217)[0m (Worker_TP1_EP1 pid=4594) INFO:2026-06-11 14:09:56,863:Loading standard weights (non-FP8, async)
[36m(vLLMHttpServer pid=4217)[0m (Worker_TP3_EP3 pid=4596) INFO:2026-06-11 14:09:56,863:Loading standard weights (non-FP8, async)
[36m(vLLMHttpServer pid=4217)[0m (Worker_TP0_EP0 pid=4593) INFO:2026-06-11 14:09:56,863:Loading standard weights (non-FP8, async)
[36m(vLLMHttpServer pid=4217)[0m (Worker_TP2_EP2 pid=4595) INFO:2026-06-11 14:09:56,865:Loading standard weights (non-FP8, async)

[36m(vLLMHttpServer pid=4217)[0m  '--disable_log_stats',
[36m(vLLMHttpServer pid=4217)[0m  '--tensor_parallel_size',
[36m(vLLMHttpServer pid=4217)[0m  '4',
[36m(vLLMHttpServer pid=4217)[0m  '--seed',
[36m(vLLMHttpServer pid=4217)[0m  '0',
[36m(vLLMHttpServer pid=4217)[0m  '--override_generation_config',
[36m(vLLMHttpServer pid=4217)[0m  '{"temperature": 1.0, "top_k": -1, "top_p": 1, "repetition_penalty": 1.0, '
[36m(vLLMHttpServer pid=4217)[0m  '"max_new_tokens": 128}',
[36m(vLLMHttpServer pid=4217)[0m  '--hf_overrides',
[36m(vLLMHttpServer pid=4217)[0m  '{}',
[36m(vLLMHttpServer pid=4217)[0m  '--scheduling_policy',
[36m(vLLMHttpServer pid=4217)[0m  'fcfs',
[36m(vLLMHttpServer pid=4217)[0m  '--compilation_config',
[36m(vLLMHttpServer pid=4217)[0m  '{"cudagraph_mode": "FULL_AND_PIECEWISE"}',
[36m(vLLMHttpServer pid=4217)[0m  '--enable_expert_parallel']
[36m(vLLMHttpServer pid=4217)[0m WARNING 06-11 14:04:07 [config.py:441] Mamba cache mode is set to 'align' for Qwen3_5MoeForConditionalGeneration by default when prefix caching is enabled
[36m(vLLMHttpServer pid=4217)[0m WARNING 06-11 14:04:21 [system_utils.py:152] We must use the `spawn` multiprocessing start method. Overriding VLLM_WORKER_MULTIPROC_METHOD to 'spawn'. See https://docs.vllm.ai/en/latest/usage/troubleshooting.html#python-multiprocessing for more information. Reasons: In a Ray actor and can only be spawned; CUDA is initialized
[36m(vLLMHttpServer pid=4217)[0m (Worker_TP0_EP0 pid=4593) WARNING 06-11 14:06:55 [fused_moe.py:1090] Using default MoE config. Performance might be sub-optimal! Config file not found at /usr/local/lib/python3.12/site-packages/vllm/model_executor/layers/fused_moe/configs/E=64,N=512,device_name=NVIDIA_H200.json
[36m(vLLMHttpServer pid=4217)[0m WARNING 06-11 14:07:16 [api_router.py:30] LoRA dynamic loading & unloading is enabled in the API server. This should ONLY be used for local development!
[36m(vLLMHttpServer pid=4217)[0m WARNING 06-11 14:07:16 [model.py:1435] Default vLLM sampling parameters have been overridden by the model's `generation_config.json`: `{'repetition_penalty': 1.0, 'temperature': 1.0, 'top_k': -1, 'top_p': 1, 'max_tokens': 128}`. If this is not intended, please relaunch vLLM instance with `--generation-config vllm`.
[36m(TaskRunner pid=1943)[0m LLMServerManager: ['172.20.87.228:61631']
[36m(TaskRunner pid=1943)[0m Checkpoint tracker file does not exist: /cache/checkpoints/eto_sdpo-sdpo-shell-20260611T055738Z/latest_checkpointed_iteration.txt
[36m(TaskRunner pid=1943)[0m Training from scratch
[36m(vLLMHttpServer pid=4217)[0m (EngineCore pid=4499) WARNING 06-11 14:07:27 [scheduler.py:1911] reset_connector called but no KV connector is configured.
[36m(vLLMHttpServer pid=4217)[0m (EngineCore pid=4499) WARNING 06-11 14:07:30 [scheduler.py:1911] reset_connector called but no KV connector is configured.
[36m(vLLMHttpServer pid=4217)[0m (EngineCore pid=4499) WARNING 06-11 14:07:31 [scheduler.py:1911] reset_connector called but no KV connector is configured.
[36m(AgentLoopWorker pid=5913)[0m Using dataset class: RLHFDataset
[36m(vLLMHttpServer pid=4217)[0m WARNING 06-11 14:08:03 [input_processor.py:235] Passing raw prompts to InputProcessor is deprecated and will be removed in v0.18. You should instead pass the outputs of Renderer.render_cmpl() or Renderer.render_chat().
[36m(vLLMHttpServer pid=3579)[0m WARNING 06-11 14:08:09 [input_processor.py:235] Passing raw prompts to InputProcessor is deprecated and will be removed in v0.18. You should instead pass the outputs of Renderer.render_cmpl() or Renderer.render_chat().
[36m(vLLMHttpServer pid=4217)[0m (EngineCore pid=4499) WARNING 06-11 14:09:31 [scheduler.py:1911] reset_connector called but no KV connector is configured.
[36m(vLLMHttpServer pid=4217)[0m (EngineCore pid=4499) WARNING 06-11 14:09:35 [scheduler.py:1911] reset_connector called but no KV connector is configured.
[36m(TaskRunner pid=1943)[0m step:1 - actor/entropy:0.5081465840339661 - perf/mfu/actor_infer:0.0 - actor/pg_clipfrac:0.0 - actor/ppo_kl:0.0 - actor/pg_clipfrac_lower:0.0 - actor/pg_loss:0.0 - actor/distillation/abs_loss:0.03325103875249624 - actor/distillation/loss_min:-0.6264569759368896 - actor/distillation/loss_max:0.355312705039978 - actor/distillation/pg_clipfrac:0.0 - actor/distillation/ppo_kl:0.0 - actor/distillation/pg_clipfrac_lower:0.0 - actor/distillation/loss:-9.016459807753563e-05 - actor/loss:-9.016459807753563e-05 - actor/grad_norm:2.765625 - actor/lr:1e-06 - actor/perf/max_memory_allocated_gb:66.63440084457397 - actor/perf/max_memory_reserved_gb:84.345703125 - actor/perf/cpu_memory_used_gb:152.29618453979492 - perf/mfu/actor:0.0 - training/global_step:1 - training/epoch:0 - critic/score/mean:0.0 - critic/score/max:0.0 - critic/score/min:0.0 - critic/rewards/mean:0.0 - critic/rewards/max:0.0 - critic/rewards/min:0.0 - critic/advantages/mean:0.0 - critic/advantages/max:0.0 - critic/advantages/min:0.0 - critic/returns/mean:0.0 - critic/returns/max:0.0 - critic/returns/min:0.0 - response_length/mean:128.0 - response_length/max:128.0 - response_length/min:128.0 - response_length/clip_ratio:1.0 - response_length_non_aborted/mean:128.0 - response_length_non_aborted/max:128.0 - response_length_non_aborted/min:128.0 - response_length_non_aborted/clip_ratio:1.0 - response/aborted_ratio:0.0 - prompt_length/mean:1634.75 - prompt_length/max:1885.0 - prompt_length/min:1397.0 - prompt_length/clip_ratio:0.0 - num_turns/min:2 - num_turns/max:2 - num_turns/mean:2.0 - timing_s/start_profile:0.0016480210000509032 - timing_s/agent_loop/num_preempted/min:-1 - timing_s/agent_loop/num_preempted/max:-1 - timing_s/agent_loop/num_preempted/mean:-1.0 - timing_s/agent_loop/generate_sequences/min:28.03618407600004 - timing_s/agent_loop/generate_sequences/max:30.765943905000086 - timing_s/agent_loop/generate_sequences/mean:29.39412741900003 - timing_s/agent_loop/tool_calls/min:0.0 - timing_s/agent_loop/tool_calls/max:0.0 - timing_s/agent_loop/tool_calls/mean:0.0 - timing_s/agent_loop/compute_score/min:0.024453624000102536 - timing_s/agent_loop/compute_score/max:0.02715689299998303 - timing_s/agent_loop/compute_score/mean:0.025496062750022475 - timing_s/agent_loop/slowest/generate_sequences:30.765943905000086 - timing_s/agent_loop/slowest/tool_calls:0.0 - timing_s/agent_loop/slowest/compute_score:0.025387279000028684 - timing_s/agent_loop/slowest/num_preempted:-1 - timing_s/agent_loop/slowest/prompt_length:1469 - timing_s/agent_loop/slowest/response_length:128 - timing_s/gen:42.405854266000006 - timing_s/reward:0.0011554429999023341 - timing_s/old_log_prob:11.478689908999968 - timing_s/adv:0.0008267089999662858 - timing_s/update_actor:64.31592409400002 - timing_s/update_weights:5.71776261399998 - timing_s/step:123.92257181900004 - timing_s/stop_profile:4.21290000076624e-05 - timing_per_token_ms/adv:0.00011724705715023199 - timing_per_token_ms/update_actor:9.121532278258407 - timing_per_token_ms/gen:82.82393411328127 - perf/total_num_tokens:7051 - perf/time_per_step:123.92257181900004 - perf/throughput:11.379686358186003
[36m(vLLMHttpServer pid=4217)[0m (EngineCore pid=4499) WARNING 06-11 14:09:36 [scheduler.py:1911] reset_connector called but no KV connector is configured.
[36m(vLLMHttpServer pid=4217)[0m (EngineCore pid=4499) WARNING 06-11 14:09:52 [scheduler.py:1911] reset_connector called but no KV connector is configured.
[36m(vLLMHttpServer pid=4217)[0m (EngineCore pid=4499) WARNING 06-11 14:09:57 [scheduler.py:1911] reset_connector called but no KV connector is configured.
[36m(TaskRunner pid=1943)[0m step:2 - actor/entropy:0.5268911123275757 - perf/mfu/actor_infer:0.0 - actor/pg_clipfrac:0.0 - actor/ppo_kl:0.0 - actor/pg_clipfrac_lower:0.0 - actor/pg_loss:0.0 - actor/distillation/abs_loss:0.03767203772440553 - actor/distillation/loss_min:-0.4927034378051758 - actor/distillation/loss_max:0.5248022079467773 - actor/distillation/pg_clipfrac:0.0 - actor/distillation/ppo_kl:0.0 - actor/distillation/pg_clipfrac_lower:0.0 - actor/distillation/loss:0.0039220551698235795 - actor/loss:0.003922055475413799 - actor/grad_norm:2.640625 - actor/lr:1e-06 - actor/perf/max_memory_allocated_gb:74.40642976760864 - actor/perf/max_memory_reserved_gb:87.7265625 - actor/perf/cpu_memory_used_gb:317.2630500793457 - perf/mfu/actor:0.0 - training/global_step:2 - training/epoch:1 - critic/score/mean:0.0 - critic/score/max:0.0 - critic/score/min:0.0 - critic/rewards/mean:0.0 - critic/rewards/max:0.0 - critic/rewards/min:0.0 - critic/advantages/mean:0.0 - critic/advantages/max:0.0 - critic/advantages/min:0.0 - critic/returns/mean:0.0 - critic/returns/max:0.0 - critic/returns/min:0.0 - response_length/mean:128.0 - response_length/max:128.0 - response_length/min:128.0 - response_length/clip_ratio:1.0 - response_length_non_aborted/mean:128.0 - response_length_non_aborted/max:128.0 - response_length_non_aborted/min:128.0 - response_length_non_aborted/clip_ratio:1.0 - response/aborted_ratio:0.0 - prompt_length/mean:1634.75 - prompt_length/max:1885.0 - prompt_length/min:1397.0 - prompt_length/clip_ratio:0.0 - num_turns/min:2 - num_turns/max:2 - num_turns/mean:2.0 - timing_s/start_profile:0.0013458180000043285 - timing_s/agent_loop/num_preempted/min:-1 - timing_s/agent_loop/num_preempted/max:-1 - timing_s/agent_loop/num_preempted/mean:-1.0 - timing_s/agent_loop/generate_sequences/min:0.7073198010000397 - timing_s/agent_loop/generate_sequences/max:2.7483065479999595 - timing_s/agent_loop/generate_sequences/mean:1.717754036499997 - timing_s/agent_loop/tool_calls/min:0.0 - timing_s/agent_loop/tool_calls/max:0.0 - timing_s/agent_loop/tool_calls/mean:0.0 - timing_s/agent_loop/compute_score/min:0.016648590999920998 - timing_s/agent_loop/compute_score/max:0.024745637000023635 - timing_s/agent_loop/compute_score/mean:0.020099983249963316 - timing_s/agent_loop/slowest/generate_sequences:2.7483065479999595 - timing_s/agent_loop/slowest/tool_calls:0.0 - timing_s/agent_loop/slowest/compute_score:0.016953204999936133 - timing_s/agent_loop/slowest/num_preempted:-1 - timing_s/agent_loop/slowest/prompt_length:1469 - timing_s/agent_loop/slowest/response_length:128 - timing_s/gen:4.240143903999979 - timing_s/reward:0.0007860460000301828 - timing_s/old_log_prob:3.2178199219999897 - timing_s/adv:0.00048219400002835755 - timing_s/update_actor:6.808271117999993 - timing_s/update_weights:6.830080006000003 - timing_s/step:21.100245201000007 - timing_s/stop_profile:4.1789000079006655e-05 - timing_per_token_ms/adv:6.838661183213127e-05 - timing_per_token_ms/update_actor:0.9655752542901707 - timing_per_token_ms/gen:8.281531062499958 - perf/total_num_tokens:7051 - perf/time_per_step:21.100245201000007 - perf/throughput:66.83334655908008[36m(TaskRunner pid=1943)[0m Training Progress:  40%|████      | 2/5 [02:26<03:12, 64.33s/it] 
[36m(vLLMHttpServer pid=4217)[0m (Worker_TP2_EP2 pid=4595) INFO:2026-06-11 14:10:17,298:Loading standard weights (non-FP8, async)
[36m(vLLMHttpServer pid=4217)[0m (Worker_TP3_EP3 pid=4596) INFO:2026-06-11 14:10:17,298:Loading standard weights (non-FP8, async)
[36m(vLLMHttpServer pid=4217)[0m (Worker_TP1_EP1 pid=4594) INFO:2026-06-11 14:10:17,298:Loading standard weights (non-FP8, async)
[36m(vLLMHttpServer pid=4217)[0m (Worker_TP0_EP0 pid=4593) INFO:2026-06-11 14:10:17,298:Loading standard weights (non-FP8, async)
[36m(vLLMHttpServer pid=4217)[0m (Worker_TP0_EP0 pid=4593) INFO:2026-06-11 14:10:17,324:Loading standard weights (non-FP8, async)
[36m(vLLMHttpServer pid=4217)[0m (Worker_TP3_EP3 pid=4596) INFO:2026-06-11 14:10:17,324:Loading standard weights (non-FP8, async)
[36m(vLLMHttpServer pid=4217)[0m (Worker_TP2_EP2 pid=4595) INFO:2026-06-11 14:10:17,324:Loading standard weights (non-FP8, async)
[36m(vLLMHttpServer pid=4217)[0m (Worker_TP1_EP1 pid=4594) INFO:2026-06-11 14:10:17,325:Loading standard weights (non-FP8, async)
[36m(vLLMHttpServer pid=4217)[0m (Worker_TP3_EP3 pid=4596) INFO:2026-06-11 14:10:17,355:Loading standard weights (non-FP8, async)
[36m(vLLMHttpServer pid=4217)[0m (Worker_TP2_EP2 pid=4595) INFO:2026-06-11 14:10:17,355:Loading standard weights (non-FP8, async)
[36m(vLLMHttpServer pid=4217)[0m (Worker_TP0_EP0 pid=4593) INFO:2026-06-11 14:10:17,355:Loading standard weights (non-FP8, async)
[36m(vLLMHttpServer pid=4217)[0m (Worker_TP1_EP1 pid=4594) INFO:2026-06-11 14:10:17,355:Loading standard weights (non-FP8, async)
[36m(vLLMHttpServer pid=4217)[0m (Worker_TP3_EP3 pid=4596) INFO:2026-06-11 14:10:17,386:Loading standard weights (non-FP8, async)
[36m(vLLMHttpServer pid=4217)[0m (Worker_TP1_EP1 pid=4594) INFO:2026-06-11 14:10:17,386:Loading standard weights (non-FP8, async)
[36m(vLLMHttpServer pid=4217)[0m (Worker_TP0_EP0 pid=4593) INFO:2026-06-11 14:10:17,386:Loading standard weights (non-FP8, async)
[36m(vLLMHttpServer pid=4217)[0m (Worker_TP2_EP2 pid=4595) INFO:2026-06-11 14:10:17,386:Loading standard weights (non-FP8, async)
[36m(vLLMHttpServer pid=4217)[0m (Worker_TP1_EP1 pid=4594) INFO:2026-06-11 14:10:17,416:Loading standard weights (non-FP8, async)
[36m(vLLMHttpServer pid=4217)[0m (Worker_TP0_EP0 pid=4593) INFO:2026-06-11 14:10:17,416:Loading standard weights (non-FP8, async)
[36m(vLLMHttpServer pid=4217)[0m (Worker_TP3_EP3 pid=4596) INFO:2026-06-11 14:10:17,416:Loading standard weights (non-FP8, async)
[36m(vLLMHttpServer pid=4217)[0m (Worker_TP2_EP2 pid=4595) INFO:2026-06-11 14:10:17,416:Loading standard weights (non-FP8, async)
[36m(vLLMHttpServer pid=4217)[0m (Worker_TP3_EP3 pid=4596) INFO:2026-06-11 14:10:17,448:Loading standard weights (non-FP8, async)
[36m(vLLMHttpServer pid=4217)[0m (Worker_TP1_EP1 pid=4594) INFO:2026-06-11 14:10:17,448:Loading standard weights (non-FP8, async)
[36m(vLLMHttpServer pid=4217)[0m (Worker_TP2_EP2 pid=4595) INFO:2026-06-11 14:10:17,448:Loading standard weights (non-FP8, async)
[36m(vLLMHttpServer pid=4217)[0m (Worker_TP0_EP0 pid=4593) INFO:2026-06-11 14:10:17,449:Loading standard weights (non-FP8, async)
[36m(vLLMHttpServer pid=4217)[0m (Worker_TP3_EP3 pid=4596) INFO:2026-06-11 14:10:17,479:Loading standard weights (non-FP8, async)
[36m(vLLMHttpServer pid=4217)[0m (Worker_TP2_EP2 pid=4595) INFO:2026-06-11 14:10:17,479:Loading standard weights (non-FP8, async)
[36m(vLLMHttpServer pid=4217)[0m (Worker_TP0_EP0 pid=4593) INFO:2026-06-11 14:10:17,479:Loading standard weights (non-FP8, async)
[36m(vLLMHttpServer pid=4217)[0m (Worker_TP1_EP1 pid=4594) INFO:2026-06-11 14:10:17,479:Loading standard weights (non-FP8, async)
[36m(vLLMHttpServer pid=4217)[0m (Worker_TP3_EP3 pid=4596) INFO:2026-06-11 14:10:17,510:Loading standard weights (non-FP8, async)
[36m(vLLMHttpServer pid=4217)[0m (Worker_TP2_EP2 pid=4595) INFO:2026-06-11 14:10:17,510:Loading standard weights (non-FP8, async)
[36m(vLLMHttpServer pid=4217)[0m (Worker_TP1_EP1 pid=4594) INFO:2026-06-11 14:10:17,510:Loading standard weights (non-FP8, async)
[36m(vLLMHttpServer pid=4217)[0m (Worker_TP0_EP0 pid=4593) INFO:2026-06-11 14:10:17,510:Loading standard weights (non-FP8, async)
[36m(vLLMHttpServer pid=4217)[0m (Worker_TP0_EP0 pid=4593) INFO:2026-06-11 14:10:17,541:Loading standard weights (non-FP8, async)
[36m(vLLMHttpServer pid=4217)[0m (Worker_TP3_EP3 pid=4596) INFO:2026-06-11 14:10:17,541:Loading standard weights (non-FP8, async)
[36m(vLLMHttpServer pid=4217)[0m (Worker_TP2_EP2 pid=4595) INFO:2026-06-11 14:10:17,541:Loading standard weights (non-FP8, async)
[36m(vLLMHttpServer pid=4217)[0m (Worker_TP1_EP1 pid=4594) INFO:2026-06-11 14:10:17,541:Loading standard weights (non-FP8, async)
[36m(vLLMHttpServer pid=4217)[0m (Worker_TP1_EP1 pid=4594) INFO:2026-06-11 14:10:17,571:Loading standard weights (non-FP8, async)
[36m(vLLMHttpServer pid=4217)[0m (Worker_TP0_EP0 pid=4593) INFO:2026-06-11 14:10:17,572:Loading standard weights (non-FP8, async)
[36m(vLLMHttpServer pid=4217)[0m (Worker_TP2_EP2 pid=4595) INFO:2026-06-11 14:10:17,572:Loading standard weights (non-FP8, async)
[36m(vLLMHttpServer pid=4217)[0m (Worker_TP3_EP3 pid=4596) INFO:2026-06-11 14:10:17,572:Loading standard weights (non-FP8, async)
[36m(vLLMHttpServer pid=4217)[0m (Worker_TP1_EP1 pid=4594) INFO:2026-06-11 14:10:17,602:Loading standard weights (non-FP8, async)
[36m(vLLMHttpServer pid=4217)[0m (Worker_TP2_EP2 pid=4595) INFO:2026-06-11 14:10:17,602:Loading standard weights (non-FP8, async)
[36m(vLLMHttpServer pid=4217)[0m (Worker_TP0_EP0 pid=4593) INFO:2026-06-11 14:10:17,602:Loading standard weights (non-FP8, async)
[36m(vLLMHttpServer pid=4217)[0m (Worker_TP3_EP3 pid=4596) INFO:2026-06-11 14:10:17,602:Loading standard weights (non-FP8, async)
[36m(vLLMHttpServer pid=4217)[0m (Worker_TP2_EP2 pid=4595) INFO:2026-06-11 14:10:17,632:Loading standard weights (non-FP8, async)
[36m(vLLMHttpServer pid=4217)[0m (Worker_TP1_EP1 pid=4594) INFO:2026-06-11 14:10:17,633:Loading standard weights (non-FP8, async)
[36m(vLLMHttpServer pid=4217)[0m (Worker_TP0_EP0 pid=4593) INFO:2026-06-11 14:10:17,633:Loading standard weights (non-FP8, async)
[36m(vLLMHttpServer pid=4217)[0m (Worker_TP3_EP3 pid=4596) INFO:2026-06-11 14:10:17,633:Loading standard weights (non-FP8, async)
[36m(vLLMHttpServer pid=4217)[0m (Worker_TP2_EP2 pid=4595) INFO:2026-06-11 14:10:17,663:Loading standard weights (non-FP8, async)
[36m(vLLMHttpServer pid=4217)[0m (Worker_TP0_EP0 pid=4593) INFO:2026-06-11 14:10:17,663:Loading standard weights (non-FP8, async)
[36m(vLLMHttpServer pid=4217)[0m (Worker_TP3_EP3 pid=4596) INFO:2026-06-11 14:10:17,663:Loading standard weights (non-FP8, async)
[36m(vLLMHttpServer pid=4217)[0m (Worker_TP1_EP1 pid=4594) INFO:2026-06-11 14:10:17,663:Loading standard weights (non-FP8, async)
[36m(vLLMHttpServer pid=4217)[0m (Worker_TP0_EP0 pid=4593) INFO:2026-06-11 14:10:17,696:Loading standard weights (non-FP8, async)
[36m(vLLMHttpServer pid=4217)[0m (Worker_TP2_EP2 pid=4595) INFO:2026-06-11 14:10:17,697:Loading standard weights (non-FP8, async)
[36m(vLLMHttpServer pid=4217)[0m (Worker_TP1_EP1 pid=4594) INFO:2026-06-11 14:10:17,697:Loading standard weights (non-FP8, async)
[36m(vLLMHttpServer pid=4217)[0m (Worker_TP3_EP3 pid=4596) INFO:2026-06-11 14:10:17,697:Loading standard weights (non-FP8, async)
[36m(vLLMHttpServer pid=4217)[0m (Worker_TP2_EP2 pid=4595) INFO:2026-06-11 14:10:17,728:Loading standard weights (non-FP8, async)
[36m(vLLMHttpServer pid=4217)[0m (Worker_TP3_EP3 pid=4596) INFO:2026-06-11 14:10:17,728:Loading standard weights (non-FP8, async)
[36m(vLLMHttpServer pid=4217)[0m (Worker_TP0_EP0 pid=4593) INFO:2026-06-11 14:10:17,728:Loading standard weights (non-FP8, async)
[36m(vLLMHttpServer pid=4217)[0m (Worker_TP1_EP1 pid=4594) INFO:2026-06-11 14:10:17,728:Loading standard weights (non-FP8, async)
[36m(vLLMHttpServer pid=4217)[0m (Worker_TP0_EP0 pid=4593) INFO:2026-06-11 14:10:17,758:Loading standard weights (non-FP8, async)
[36m(vLLMHttpServer pid=4217)[0m (Worker_TP2_EP2 pid=4595) INFO:2026-06-11 14:10:17,758:Loading standard weights (non-FP8, async)
[36m(vLLMHttpServer pid=4217)[0m (Worker_TP1_EP1 pid=4594) INFO:2026-06-11 14:10:17,758:Loading standard weights (non-FP8, async)
[36m(vLLMHttpServer pid=4217)[0m (Worker_TP3_EP3 pid=4596) INFO:2026-06-11 14:10:17,758:Loading standard weights (non-FP8, async)
[36m(vLLMHttpServer pid=4217)[0m (Worker_TP0_EP0 pid=4593) INFO:2026-06-11 14:10:17,788:Loading standard weights (non-FP8, async)
[36m(vLLMHttpServer pid=4217)[0m (Worker_TP3_EP3 pid=4596) INFO:2026-06-11 14:10:17,788:Loading standard weights (non-FP8, async)
[36m(vLLMHttpServer pid=4217)[0m (Worker_TP2_EP2 pid=4595) INFO:2026-06-11 14:10:17,788:Loading standard weights (non-FP8, async)
[36m(vLLMHttpServer pid=4217)[0m (Worker_TP1_EP1 pid=4594) INFO:2026-06-11 14:10:17,788:Loading standard weights (non-FP8, async)
[36m(vLLMHttpServer pid=4217)[0m (Worker_TP2_EP2 pid=4595) INFO:2026-06-11 14:10:17,819:Loading standard weights (non-FP8, async)
[36m(vLLMHttpServer pid=4217)[0m (Worker_TP3_EP3 pid=4596) INFO:2026-06-11 14:10:17,819:Loading standard weights (non-FP8, async)
[36m(vLLMHttpServer pid=4217)[0m (Worker_TP1_EP1 pid=4594) INFO:2026-06-11 14:10:17,819:Loading standard weights (non-FP8, async)
[36m(vLLMHttpServer pid=4217)[0m (Worker_TP0_EP0 pid=4593) INFO:2026-06-11 14:10:17,819:Loading standard weights (non-FP8, async)
[36m(vLLMHttpServer pid=4217)[0m (Worker_TP2_EP2 pid=4595) INFO:2026-06-11 14:10:17,850:Loading standard weights (non-FP8, async)
[36m(vLLMHttpServer pid=4217)[0m (Worker_TP0_EP0 pid=4593) INFO:2026-06-11 14:10:17,850:Loading standard weights (non-FP8, async)
[36m(vLLMHttpServer pid=4217)[0m (Worker_TP1_EP1 pid=4594) INFO:2026-06-11 14:10:17,850:Loading standard weights (non-FP8, async)
[36m(vLLMHttpServer pid=4217)[0m (Worker_TP3_EP3 pid=4596) INFO:2026-06-11 14:10:17,850:Loading standard weights (non-FP8, async)
[36m(vLLMHttpServer pid=4217)[0m (Worker_TP1_EP1 pid=4594) INFO:2026-06-11 14:10:17,880:Loading standard weights (non-FP8, async)
[36m(vLLMHttpServer pid=4217)[0m (Worker_TP2_EP2 pid=4595) INFO:2026-06-11 14:10:17,880:Loading standard weights (non-FP8, async)
[36m(vLLMHttpServer pid=4217)[0m (Worker_TP0_EP0 pid=4593) INFO:2026-06-11 14:10:17,880:Loading standard weights (non-FP8, async)
[36m(vLLMHttpServer pid=4217)[0m (Worker_TP3_EP3 pid=4596) INFO:2026-06-11 14:10:17,880:Loading standard weights (non-FP8, async)
[36m(vLLMHttpServer pid=4217)[0m (Worker_TP3_EP3 pid=4596) INFO:2026-06-11 14:10:17,910:Loading standard weights (non-FP8, async)
[36m(vLLMHttpServer pid=4217)[0m (Worker_TP0_EP0 pid=4593) INFO:2026-06-11 14:10:17,910:Loading standard weights (non-FP8, async)
[36m(vLLMHttpServer pid=4217)[0m (Worker_TP1_EP1 pid=4594) INFO:2026-06-11 14:10:17,911:Loading standard weights (non-FP8, async)
[36m(vLLMHttpServer pid=4217)[0m (Worker_TP2_EP2 pid=4595) INFO:2026-06-11 14:10:17,911:Loading standard weights (non-FP8, async)
[36m(vLLMHttpServer pid=4217)[0m (Worker_TP2_EP2 pid=4595) INFO:2026-06-11 14:10:17,943:Loading standard weights (non-FP8, async)
[36m(vLLMHttpServer pid=4217)[0m (Worker_TP0_EP0 pid=4593) INFO:2026-06-11 14:10:17,943:Loading standard weights (non-FP8, async)
[36m(vLLMHttpServer pid=4217)[0m (Worker_TP3_EP3 pid=4596) INFO:2026-06-11 14:10:17,943:Loading standard weights (non-FP8, async)
[36m(vLLMHttpServer pid=4217)[0m (Worker_TP1_EP1 pid=4594) INFO:2026-06-11 14:10:17,943:Loading standard weights (non-FP8, async)
[36m(vLLMHttpServer pid=4217)[0m (Worker_TP1_EP1 pid=4594) INFO:2026-06-11 14:10:17,974:Loading standard weights (non-FP8, async)
[36m(vLLMHttpServer pid=4217)[0m (Worker_TP0_EP0 pid=4593) INFO:2026-06-11 14:10:17,974:Loading standard weights (non-FP8, async)
[36m(vLLMHttpServer pid=4217)[0m (Worker_TP3_EP3 pid=4596) INFO:2026-06-11 14:10:17,974:Loading standard weights (non-FP8, async)
[36m(vLLMHttpServer pid=4217)[0m (Worker_TP2_EP2 pid=4595) INFO:2026-06-11 14:10:17,974:Loading standard weights (non-FP8, async)
[36m(vLLMHttpServer pid=4217)[0m (Worker_TP0_EP0 pid=4593) INFO:2026-06-11 14:10:18,004:Loading standard weights (non-FP8, async)
[36m(vLLMHttpServer pid=4217)[0m (Worker_TP2_EP2 pid=4595) INFO:2026-06-11 14:10:18,004:Loading standard weights (non-FP8, async)
[36m(vLLMHttpServer pid=4217)[0m (Worker_TP3_EP3 pid=4596) INFO:2026-06-11 14:10:18,004:Loading standard weights (non-FP8, async)
[36m(vLLMHttpServer pid=4217)[0m (Worker_TP1_EP1 pid=4594) INFO:2026-06-11 14:10:18,004:Loading standard weights (non-FP8, async)
[36m(vLLMHttpServer pid=4217)[0m (Worker_TP0_EP0 pid=4593) INFO:2026-06-11 14:10:18,035:Loading standard weights (non-FP8, async)
[36m(vLLMHttpServer pid=4217)[0m (Worker_TP2_EP2 pid=4595) INFO:2026-06-11 14:10:18,035:Loading standard weights (non-FP8, async)
[36m(vLLMHttpServer pid=4217)[0m (Worker_TP3_EP3 pid=4596) INFO:2026-06-11 14:10:18,035:Loading standard weights (non-FP8, async)
[36m(vLLMHttpServer pid=4217)[0m (Worker_TP1_EP1 pid=4594) INFO:2026-06-11 14:10:18,035:Loading standard weights (non-FP8, async)
[36m(vLLMHttpServer pid=4217)[0m (Worker_TP0_EP0 pid=4593) INFO:2026-06-11 14:10:18,066:Loading standard weights (non-FP8, async)
[36m(vLLMHttpServer pid=4217)[0m (Worker_TP2_EP2 pid=4595) INFO:2026-06-11 14:10:18,066:Loading standard weights (non-FP8, async)
[36m(vLLMHttpServer pid=4217)[0m (Worker_TP3_EP3 pid=4596) INFO:2026-06-11 14:10:18,066:Loading standard weights (non-FP8, async)
[36m(vLLMHttpServer pid=4217)[0m (Worker_TP1_EP1 pid=4594) INFO:2026-06-11 14:10:18,066:Loading standard weights (non-FP8, async)
[36m(vLLMHttpServer pid=4217)[0m (Worker_TP0_EP0 pid=4593) INFO:2026-06-11 14:10:18,096:Loading standard weights (non-FP8, async)
[36m(vLLMHttpServer pid=4217)[0m (Worker_TP2_EP2 pid=4595) INFO:2026-06-11 14:10:18,096:Loading standard weights (non-FP8, async)
[36m(vLLMHttpServer pid=4217)[0m (Worker_TP3_EP3 pid=4596) INFO:2026-06-11 14:10:18,096:Loading standard weights (non-FP8, async)
[36m(vLLMHttpServer pid=4217)[0m (Worker_TP1_EP1 pid=4594) INFO:2026-06-11 14:10:18,096:Loading standard weights (non-FP8, async)
[36m(vLLMHttpServer pid=4217)[0m (Worker_TP0_EP0 pid=4593) INFO:2026-06-11 14:10:18,126:Loading standard weights (non-FP8, async)
[36m(vLLMHttpServer pid=4217)[0m (Worker_TP3_EP3 pid=4596) INFO:2026-06-11 14:10:18,126:Loading standard weights (non-FP8, async)
[36m(vLLMHttpServer pid=4217)[0m (Worker_TP1_EP1 pid=4594) INFO:2026-06-11 14:10:18,126:Loading standard weights (non-FP8, async)
[36m(vLLMHttpServer pid=4217)[0m (Worker_TP2_EP2 pid=4595) INFO:2026-06-11 14:10:18,126:Loading standard weights (non-FP8, async)
[36m(vLLMHttpServer pid=4217)[0m (Worker_TP3_EP3 pid=4596) INFO:2026-06-11 14:10:18,156:Loading standard weights (non-FP8, async)
[36m(vLLMHttpServer pid=4217)[0m (Worker_TP0_EP0 pid=4593) INFO:2026-06-11 14:10:18,156:Loading standard weights (non-FP8, async)
[36m(vLLMHttpServer pid=4217)[0m (Worker_TP2_EP2 pid=4595) INFO:2026-06-11 14:10:18,156:Loading standard weights (non-FP8, async)
[36m(vLLMHttpServer pid=4217)[0m (Worker_TP1_EP1 pid=4594) INFO:2026-06-11 14:10:18,156:Loading standard weights (non-FP8, async)
[36m(vLLMHttpServer pid=4217)[0m (Worker_TP0_EP0 pid=4593) INFO:2026-06-11 14:10:18,186:Loading standard weights (non-FP8, async)
[36m(vLLMHttpServer pid=4217)[0m (Worker_TP1_EP1 pid=4594) INFO:2026-06-11 14:10:18,186:Loading standard weights (non-FP8, async)
[36m(vLLMHttpServer pid=4217)[0m (Worker_TP2_EP2 pid=4595) INFO:2026-06-11 14:10:18,186:Loading standard weights (non-FP8, async)
[36m(vLLMHttpServer pid=4217)[0m (Worker_TP3_EP3 pid=4596) INFO:2026-06-11 14:10:18,186:Loading standard weights (non-FP8, async)
[36m(vLLMHttpServer pid=4217)[0m (Worker_TP0_EP0 pid=4593) INFO:2026-06-11 14:10:18,217:Loading standard weights (non-FP8, async)
[36m(vLLMHttpServer pid=4217)[0m (Worker_TP1_EP1 pid=4594) INFO:2026-06-11 14:10:18,217:Loading standard weights (non-FP8, async)
[36m(vLLMHttpServer pid=4217)[0m (Worker_TP3_EP3 pid=4596) INFO:2026-06-11 14:10:18,217:Loading standard weights (non-FP8, async)
[36m(vLLMHttpServer pid=4217)[0m (Worker_TP2_EP2 pid=4595) INFO:2026-06-11 14:10:18,217:Loading standard weights (non-FP8, async)
[36m(vLLMHttpServer pid=4217)[0m (Worker_TP1_EP1 pid=4594) INFO:2026-06-11 14:10:18,247:Loading standard weights (non-FP8, async)
[36m(vLLMHttpServer pid=4217)[0m (Worker_TP2_EP2 pid=4595) INFO:2026-06-11 14:10:18,247:Loading standard weights (non-FP8, async)
[36m(vLLMHttpServer pid=4217)[0m (Worker_TP3_EP3 pid=4596) INFO:2026-06-11 14:10:18,247:Loading standard weights (non-FP8, async)
[36m(vLLMHttpServer pid=4217)[0m (Worker_TP0_EP0 pid=4593) INFO:2026-06-11 14:10:18,247:Loading standard weights (non-FP8, async)
[36m(vLLMHttpServer pid=4217)[0m (Worker_TP0_EP0 pid=4593) INFO:2026-06-11 14:10:18,280:Loading standard weights (non-FP8, async)
[36m(vLLMHttpServer pid=4217)[0m (Worker_TP2_EP2 pid=4595) INFO:2026-06-11 14:10:18,280:Loading standard weights (non-FP8, async)
[36m(vLLMHttpServer pid=4217)[0m (Worker_TP1_EP1 pid=4594) INFO:2026-06-11 14:10:18,280:Loading standard weights (non-FP8, async)
[36m(vLLMHttpServer pid=4217)[0m (Worker_TP3_EP3 pid=4596) INFO:2026-06-11 14:10:18,280:Loading standard weights (non-FP8, async)
[36m(vLLMHttpServer pid=4217)[0m (Worker_TP1_EP1 pid=4594) INFO:2026-06-11 14:10:18,310:Loading standard weights (non-FP8, async)
[36m(vLLMHttpServer pid=4217)[0m (Worker_TP0_EP0 pid=4593) INFO:2026-06-11 14:10:18,311:Loading standard weights (non-FP8, async)
[36m(vLLMHttpServer pid=4217)[0m (Worker_TP3_EP3 pid=4596) INFO:2026-06-11 14:10:18,311:Loading standard weights (non-FP8, async)
[36m(vLLMHttpServer pid=4217)[0m (Worker_TP2_EP2 pid=4595) INFO:2026-06-11 14:10:18,311:Loading standard weights (non-FP8, async)
[36m(vLLMHttpServer pid=4217)[0m (Worker_TP2_EP2 pid=4595) INFO:2026-06-11 14:10:18,342:Loading standard weights (non-FP8, async)
[36m(vLLMHttpServer pid=4217)[0m (Worker_TP3_EP3 pid=4596) INFO:2026-06-11 14:10:18,342:Loading standard weights (non-FP8, async)
[36m(vLLMHttpServer pid=4217)[0m (Worker_TP1_EP1 pid=4594) INFO:2026-06-11 14:10:18,342:Loading standard weights (non-FP8, async)
[36m(vLLMHttpServer pid=4217)[0m (Worker_TP0_EP0 pid=4593) INFO:2026-06-11 14:10:18,342:Loading standard weights (non-FP8, async)
[36m(vLLMHttpServer pid=4217)[0m (Worker_TP2_EP2 pid=4595) INFO:2026-06-11 14:10:18,372:Loading standard weights (non-FP8, async)
[36m(vLLMHttpServer pid=4217)[0m (Worker_TP3_EP3 pid=4596) INFO:2026-06-11 14:10:18,372:Loading standard weights (non-FP8, async)
[36m(vLLMHttpServer pid=4217)[0m (Worker_TP0_EP0 pid=4593) INFO:2026-06-11 14:10:18,372:Loading standard weights (non-FP8, async)
[36m(vLLMHttpServer pid=4217)[0m (Worker_TP1_EP1 pid=4594) INFO:2026-06-11 14:10:18,372:Loading standard weights (non-FP8, async)
[36m(vLLMHttpServer pid=4217)[0m (Worker_TP1_EP1 pid=4594) INFO:2026-06-11 14:10:18,402:Loading standard weights (non-FP8, async)
[36m(vLLMHttpServer pid=4217)[0m (Worker_TP0_EP0 pid=4593) INFO:2026-06-11 14:10:18,402:Loading standard weights (non-FP8, async)
[36m(vLLMHttpServer pid=4217)[0m (Worker_TP2_EP2 pid=4595) INFO:2026-06-11 14:10:18,402:Loading standard weights (non-FP8, async)
[36m(vLLMHttpServer pid=4217)[0m (Worker_TP3_EP3 pid=4596) INFO:2026-06-11 14:10:18,402:Loading standard weights (non-FP8, async)
[36m(vLLMHttpServer pid=4217)[0m (Worker_TP0_EP0 pid=4593) INFO:2026-06-11 14:10:18,433:Loading standard weights (non-FP8, async)
[36m(vLLMHttpServer pid=4217)[0m (Worker_TP3_EP3 pid=4596) INFO:2026-06-11 14:10:18,433:Loading standard weights (non-FP8, async)
[36m(vLLMHttpServer pid=4217)[0m (Worker_TP1_EP1 pid=4594) INFO:2026-06-11 14:10:18,433:Loading standard weights (non-FP8, async)
[36m(vLLMHttpServer pid=4217)[0m (Worker_TP2_EP2 pid=4595) INFO:2026-06-11 14:10:18,433:Loading standard weights (non-FP8, async)
[36m(vLLMHttpServer pid=4217)[0m (Worker_TP1_EP1 pid=4594) INFO:2026-06-11 14:10:18,466:Loading standard weights (non-FP8, async)
[36m(vLLMHttpServer pid=4217)[0m (Worker_TP3_EP3 pid=4596) INFO:2026-06-11 14:10:18,466:Loading standard weights (non-FP8, async)
[36m(vLLMHttpServer pid=4217)[0m (Worker_TP0_EP0 pid=4593) INFO:2026-06-11 14:10:18,466:Loading standard weights (non-FP8, async)
[36m(vLLMHttpServer pid=4217)[0m (Worker_TP2_EP2 pid=4595) INFO:2026-06-11 14:10:18,466:Loading standard weights (non-FP8, async)
[36m(vLLMHttpServer pid=4217)[0m (Worker_TP3_EP3 pid=4596) INFO:2026-06-11 14:10:18,496:Loading standard weights (non-FP8, async)
[36m(vLLMHttpServer pid=4217)[0m (Worker_TP1_EP1 pid=4594) INFO:2026-06-11 14:10:18,496:Loading standard weights (non-FP8, async)
[36m(vLLMHttpServer pid=4217)[0m (Worker_TP2_EP2 pid=4595) INFO:2026-06-11 14:10:18,496:Loading standard weights (non-FP8, async)
[36m(vLLMHttpServer pid=4217)[0m (Worker_TP0_EP0 pid=4593) INFO:2026-06-11 14:10:18,496:Loading standard weights (non-FP8, async)
[36m(vLLMHttpServer pid=4217)[0m (Worker_TP2_EP2 pid=4595) INFO:2026-06-11 14:10:18,524:Loading standard weights (non-FP8, async)
[36m(vLLMHttpServer pid=4217)[0m (Worker_TP3_EP3 pid=4596) INFO:2026-06-11 14:10:18,524:Loading standard weights (non-FP8, async)
[36m(vLLMHttpServer pid=4217)[0m (Worker_TP0_EP0 pid=4593) INFO:2026-06-11 14:10:18,524:Loading standard weights (non-FP8, async)
[36m(vLLMHttpServer pid=4217)[0m (Worker_TP1_EP1 pid=4594) INFO:2026-06-11 14:10:18,525:Loading standard weights (non-FP8, async)
[36m(vLLMHttpServer pid=4217)[0m (Worker_TP0_EP0 pid=4593) INFO:2026-06-11 14:10:18,551:Loading standard weights (non-FP8, async)
[36m(vLLMHttpServer pid=4217)[0m (Worker_TP3_EP3 pid=4596) INFO:2026-06-11 14:10:18,552:Loading standard weights (non-FP8, async)
[36m(vLLMHttpServer pid=4217)[0m (Worker_TP2_EP2 pid=4595) INFO:2026-06-11 14:10:18,553:Loading standard weights (non-FP8, async)
[36m(vLLMHttpServer pid=4217)[0m (Worker_TP1_EP1 pid=4594) INFO:2026-06-11 14:10:18,553:Loading standard weights (non-FP8, async)
[36m(TaskRunner pid=1943)[0m Training Progress:  60%|██████    | 3/5 [02:48<01:29, 44.85s/it]
[36m(vLLMHttpServer pid=4217)[0m (Worker_TP3_EP3 pid=4596) INFO:2026-06-11 14:10:39,114:Loading standard weights (non-FP8, async)
[36m(vLLMHttpServer pid=4217)[0m (Worker_TP2_EP2 pid=4595) INFO:2026-06-11 14:10:39,114:Loading standard weights (non-FP8, async)
[36m(vLLMHttpServer pid=4217)[0m (Worker_TP1_EP1 pid=4594) INFO:2026-06-11 14:10:39,115:Loading standard weights (non-FP8, async)
[36m(vLLMHttpServer pid=4217)[0m (Worker_TP0_EP0 pid=4593) INFO:2026-06-11 14:10:39,115:Loading standard weights (non-FP8, async)
[36m(vLLMHttpServer pid=4217)[0m (Worker_TP1_EP1 pid=4594) INFO:2026-06-11 14:10:39,140:Loading standard weights (non-FP8, async)
[36m(vLLMHttpServer pid=4217)[0m (Worker_TP2_EP2 pid=4595) INFO:2026-06-11 14:10:39,141:Loading standard weights (non-FP8, async)
[36m(vLLMHttpServer pid=4217)[0m (Worker_TP3_EP3 pid=4596) INFO:2026-06-11 14:10:39,141:Loading standard weights (non-FP8, async)
[36m(vLLMHttpServer pid=4217)[0m (Worker_TP0_EP0 pid=4593) INFO:2026-06-11 14:10:39,141:Loading standard weights (non-FP8, async)
[36m(vLLMHttpServer pid=4217)[0m (Worker_TP1_EP1 pid=4594) INFO:2026-06-11 14:10:39,172:Loading standard weights (non-FP8, async)
[36m(vLLMHttpServer pid=4217)[0m (Worker_TP2_EP2 pid=4595) INFO:2026-06-11 14:10:39,172:Loading standard weights (non-FP8, async)
[36m(vLLMHttpServer pid=4217)[0m (Worker_TP0_EP0 pid=4593) INFO:2026-06-11 14:10:39,172:Loading standard weights (non-FP8, async)
[36m(vLLMHttpServer pid=4217)[0m (Worker_TP3_EP3 pid=4596) INFO:2026-06-11 14:10:39,172:Loading standard weights (non-FP8, async)
[36m(vLLMHttpServer pid=4217)[0m (Worker_TP0_EP0 pid=4593) INFO:2026-06-11 14:10:39,201:Loading standard weights (non-FP8, async)
[36m(vLLMHttpServer pid=4217)[0m (Worker_TP1_EP1 pid=4594) INFO:2026-06-11 14:10:39,201:Loading standard weights (non-FP8, async)
[36m(vLLMHttpServer pid=4217)[0m (Worker_TP2_EP2 pid=4595) INFO:2026-06-11 14:10:39,201:Loading standard weights (non-FP8, async)
[36m(vLLMHttpServer pid=4217)[0m (Worker_TP3_EP3 pid=4596) INFO:2026-06-11 14:10:39,201:Loading standard weights (non-FP8, async)
[36m(vLLMHttpServer pid=4217)[0m (Worker_TP3_EP3 pid=4596) INFO:2026-06-11 14:10:39,232:Loading standard weights (non-FP8, async)
[36m(vLLMHttpServer pid=4217)[0m (Worker_TP0_EP0 pid=4593) INFO:2026-06-11 14:10:39,232:Loading standard weights (non-FP8, async)
[36m(vLLMHttpServer pid=4217)[0m (Worker_TP1_EP1 pid=4594) INFO:2026-06-11 14:10:39,232:Loading standard weights (non-FP8, async)
[36m(vLLMHttpServer pid=4217)[0m (Worker_TP2_EP2 pid=4595) INFO:2026-06-11 14:10:39,232:Loading standard weights (non-FP8, async)
[36m(vLLMHttpServer pid=4217)[0m (Worker_TP3_EP3 pid=4596) INFO:2026-06-11 14:10:39,264:Loading standard weights (non-FP8, async)
[36m(vLLMHttpServer pid=4217)[0m (Worker_TP0_EP0 pid=4593) INFO:2026-06-11 14:10:39,264:Loading standard weights (non-FP8, async)
[36m(vLLMHttpServer pid=4217)[0m (Worker_TP2_EP2 pid=4595) INFO:2026-06-11 14:10:39,264:Loading standard weights (non-FP8, async)
[36m(vLLMHttpServer pid=4217)[0m (Worker_TP1_EP1 pid=4594) INFO:2026-06-11 14:10:39,264:Loading standard weights (non-FP8, async)
[36m(vLLMHttpServer pid=4217)[0m (Worker_TP3_EP3 pid=4596) INFO:2026-06-11 14:10:39,295:Loading standard weights (non-FP8, async)
[36m(vLLMHttpServer pid=4217)[0m (Worker_TP2_EP2 pid=4595) INFO:2026-06-11 14:10:39,295:Loading standard weights (non-FP8, async)
[36m(vLLMHttpServer pid=4217)[0m (Worker_TP1_EP1 pid=4594) INFO:2026-06-11 14:10:39,295:Loading standard weights (non-FP8, async)
[36m(vLLMHttpServer pid=4217)[0m (Worker_TP0_EP0 pid=4593) INFO:2026-06-11 14:10:39,295:Loading standard weights (non-FP8, async)
[36m(vLLMHttpServer pid=4217)[0m (Worker_TP2_EP2 pid=4595) INFO:2026-06-11 14:10:39,325:Loading standard weights (non-FP8, async)
[36m(vLLMHttpServer pid=4217)[0m (Worker_TP3_EP3 pid=4596) INFO:2026-06-11 14:10:39,325:Loading standard weights (non-FP8, async)
[36m(vLLMHttpServer pid=4217)[0m (Worker_TP1_EP1 pid=4594) INFO:2026-06-11 14:10:39,325:Loading standard weights (non-FP8, async)
[36m(vLLMHttpServer pid=4217)[0m (Worker_TP0_EP0 pid=4593) INFO:2026-06-11 14:10:39,325:Loading standard weights (non-FP8, async)
[36m(vLLMHttpServer pid=4217)[0m (Worker_TP0_EP0 pid=4593) INFO:2026-06-11 14:10:39,359:Loading standard weights (non-FP8, async)
[36m(vLLMHttpServer pid=4217)[0m (Worker_TP1_EP1 pid=4594) INFO:2026-06-11 14:10:39,359:Loading standard weights (non-FP8, async)
[36m(vLLMHttpServer pid=4217)[0m (Worker_TP3_EP3 pid=4596) INFO:2026-06-11 14:10:39,359:Loading standard weights (non-FP8, async)
[36m(vLLMHttpServer pid=4217)[0m (Worker_TP2_EP2 pid=4595) INFO:2026-06-11 14:10:39,359:Loading standard weights (non-FP8, async)
[36m(vLLMHttpServer pid=4217)[0m (Worker_TP0_EP0 pid=4593) INFO:2026-06-11 14:10:39,389:Loading standard weights (non-FP8, async)
[36m(vLLMHttpServer pid=4217)[0m (Worker_TP3_EP3 pid=4596) INFO:2026-06-11 14:10:39,389:Loading standard weights (non-FP8, async)
[36m(vLLMHttpServer pid=4217)[0m (Worker_TP1_EP1 pid=4594) INFO:2026-06-11 14:10:39,389:Loading standard weights (non-FP8, async)
[36m(vLLMHttpServer pid=4217)[0m (Worker_TP2_EP2 pid=4595) INFO:2026-06-11 14:10:39,389:Loading standard weights (non-FP8, async)
[36m(vLLMHttpServer pid=4217)[0m (Worker_TP3_EP3 pid=4596) INFO:2026-06-11 14:10:39,419:Loading standard weights (non-FP8, async)
[36m(vLLMHttpServer pid=4217)[0m (Worker_TP2_EP2 pid=4595) INFO:2026-06-11 14:10:39,419:Loading standard weights (non-FP8, async)
[36m(vLLMHttpServer pid=4217)[0m (Worker_TP0_EP0 pid=4593) INFO:2026-06-11 14:10:39,419:Loading standard weights (non-FP8, async)
[36m(vLLMHttpServer pid=4217)[0m (Worker_TP1_EP1 pid=4594) INFO:2026-06-11 14:10:39,419:Loading standard weights (non-FP8, async)
[36m(vLLMHttpServer pid=4217)[0m (Worker_TP3_EP3 pid=4596) INFO:2026-06-11 14:10:39,448:Loading standard weights (non-FP8, async)
[36m(vLLMHttpServer pid=4217)[0m (Worker_TP2_EP2 pid=4595) INFO:2026-06-11 14:10:39,448:Loading standard weights (non-FP8, async)
[36m(vLLMHttpServer pid=4217)[0m (Worker_TP1_EP1 pid=4594) INFO:2026-06-11 14:10:39,448:Loading standard weights (non-FP8, async)
[36m(vLLMHttpServer pid=4217)[0m (Worker_TP0_EP0 pid=4593) INFO:2026-06-11 14:10:39,448:Loading standard weights (non-FP8, async)
[36m(vLLMHttpServer pid=4217)[0m (Worker_TP1_EP1 pid=4594) INFO:2026-06-11 14:10:39,478:Loading standard weights (non-FP8, async)
[36m(vLLMHttpServer pid=4217)[0m (Worker_TP3_EP3 pid=4596) INFO:2026-06-11 14:10:39,478:Loading standard weights (non-FP8, async)
[36m(vLLMHttpServer pid=4217)[0m (Worker_TP2_EP2 pid=4595) INFO:2026-06-11 14:10:39,478:Loading standard weights (non-FP8, async)
[36m(vLLMHttpServer pid=4217)[0m (Worker_TP0_EP0 pid=4593) INFO:2026-06-11 14:10:39,478:Loading standard weights (non-FP8, async)
[36m(vLLMHttpServer pid=4217)[0m (Worker_TP2_EP2 pid=4595) INFO:2026-06-11 14:10:39,508:Loading standard weights (non-FP8, async)
[36m(vLLMHttpServer pid=4217)[0m (Worker_TP1_EP1 pid=4594) INFO:2026-06-11 14:10:39,508:Loading standard weights (non-FP8, async)
[36m(vLLMHttpServer pid=4217)[0m (Worker_TP0_EP0 pid=4593) INFO:2026-06-11 14:10:39,508:Loading standard weights (non-FP8, async)
[36m(vLLMHttpServer pid=4217)[0m (Worker_TP3_EP3 pid=4596) INFO:2026-06-11 14:10:39,508:Loading standard weights (non-FP8, async)
[36m(vLLMHttpServer pid=4217)[0m (Worker_TP1_EP1 pid=4594) INFO:2026-06-11 14:10:39,538:Loading standard weights (non-FP8, async)
[36m(vLLMHttpServer pid=4217)[0m (Worker_TP0_EP0 pid=4593) INFO:2026-06-11 14:10:39,538:Loading standard weights (non-FP8, async)
[36m(vLLMHttpServer pid=4217)[0m (Worker_TP2_EP2 pid=4595) INFO:2026-06-11 14:10:39,538:Loading standard weights (non-FP8, async)
[36m(vLLMHttpServer pid=4217)[0m (Worker_TP3_EP3 pid=4596) INFO:2026-06-11 14:10:39,538:Loading standard weights (non-FP8, async)
[36m(vLLMHttpServer pid=4217)[0m (Worker_TP1_EP1 pid=4594) INFO:2026-06-11 14:10:39,570:Loading standard weights (non-FP8, async)
[36m(vLLMHttpServer pid=4217)[0m (Worker_TP2_EP2 pid=4595) INFO:2026-06-11 14:10:39,570:Loading standard weights (non-FP8, async)
[36m(vLLMHttpServer pid=4217)[0m (Worker_TP3_EP3 pid=4596) INFO:2026-06-11 14:10:39,570:Loading standard weights (non-FP8, async)
[36m(vLLMHttpServer pid=4217)[0m (Worker_TP0_EP0 pid=4593) INFO:2026-06-11 14:10:39,570:Loading standard weights (non-FP8, async)
[36m(vLLMHttpServer pid=4217)[0m (Worker_TP1_EP1 pid=4594) INFO:2026-06-11 14:10:39,600:Loading standard weights (non-FP8, async)
[36m(vLLMHttpServer pid=4217)[0m (Worker_TP2_EP2 pid=4595) INFO:2026-06-11 14:10:39,601:Loading standard weights (non-FP8, async)
[36m(vLLMHttpServer pid=4217)[0m (Worker_TP3_EP3 pid=4596) INFO:2026-06-11 14:10:39,601:Loading standard weights (non-FP8, async)
[36m(vLLMHttpServer pid=4217)[0m (Worker_TP0_EP0 pid=4593) INFO:2026-06-11 14:10:39,601:Loading standard weights (non-FP8, async)
[36m(vLLMHttpServer pid=4217)[0m (Worker_TP1_EP1 pid=4594) INFO:2026-06-11 14:10:39,634:Loading standard weights (non-FP8, async)
[36m(vLLMHttpServer pid=4217)[0m (Worker_TP3_EP3 pid=4596) INFO:2026-06-11 14:10:39,634:Loading standard weights (non-FP8, async)
[36m(vLLMHttpServer pid=4217)[0m (Worker_TP2_EP2 pid=4595) INFO:2026-06-11 14:10:39,634:Loading standard weights (non-FP8, async)
[36m(vLLMHttpServer pid=4217)[0m (Worker_TP0_EP0 pid=4593) INFO:2026-06-11 14:10:39,634:Loading standard weights (non-FP8, async)
[36m(vLLMHttpServer pid=4217)[0m (Worker_TP1_EP1 pid=4594) INFO:2026-06-11 14:10:39,664:Loading standard weights (non-FP8, async)
[36m(vLLMHttpServer pid=4217)[0m (Worker_TP2_EP2 pid=4595) INFO:2026-06-11 14:10:39,664:Loading standard weights (non-FP8, async)
[36m(vLLMHttpServer pid=4217)[0m (Worker_TP0_EP0 pid=4593) INFO:2026-06-11 14:10:39,664:Loading standard weights (non-FP8, async)
[36m(vLLMHttpServer pid=4217)[0m (Worker_TP3_EP3 pid=4596) INFO:2026-06-11 14:10:39,664:Loading standard weights (non-FP8, async)
[36m(vLLMHttpServer pid=4217)[0m (Worker_TP3_EP3 pid=4596) INFO:2026-06-11 14:10:39,693:Loading standard weights (non-FP8, async)
[36m(vLLMHttpServer pid=4217)[0m (Worker_TP2_EP2 pid=4595) INFO:2026-06-11 14:10:39,693:Loading standard weights (non-FP8, async)
[36m(vLLMHttpServer pid=4217)[0m (Worker_TP0_EP0 pid=4593) INFO:2026-06-11 14:10:39,693:Loading standard weights (non-FP8, async)
[36m(vLLMHttpServer pid=4217)[0m (Worker_TP1_EP1 pid=4594) INFO:2026-06-11 14:10:39,693:Loading standard weights (non-FP8, async)
[36m(vLLMHttpServer pid=4217)[0m (Worker_TP0_EP0 pid=4593) INFO:2026-06-11 14:10:39,723:Loading standard weights (non-FP8, async)
[36m(vLLMHttpServer pid=4217)[0m (Worker_TP2_EP2 pid=4595) INFO:2026-06-11 14:10:39,723:Loading standard weights (non-FP8, async)
[36m(vLLMHttpServer pid=4217)[0m (Worker_TP3_EP3 pid=4596) INFO:2026-06-11 14:10:39,723:Loading standard weights (non-FP8, async)
[36m(vLLMHttpServer pid=4217)[0m (Worker_TP1_EP1 pid=4594) INFO:2026-06-11 14:10:39,723:Loading standard weights (non-FP8, async)
[36m(vLLMHttpServer pid=4217)[0m (Worker_TP1_EP1 pid=4594) INFO:2026-06-11 14:10:39,753:Loading standard weights (non-FP8, async)
[36m(vLLMHttpServer pid=4217)[0m (Worker_TP0_EP0 pid=4593) INFO:2026-06-11 14:10:39,753:Loading standard weights (non-FP8, async)
[36m(vLLMHttpServer pid=4217)[0m (Worker_TP3_EP3 pid=4596) INFO:2026-06-11 14:10:39,753:Loading standard weights (non-FP8, async)
[36m(vLLMHttpServer pid=4217)[0m (Worker_TP2_EP2 pid=4595) INFO:2026-06-11 14:10:39,753:Loading standard weights (non-FP8, async)
[36m(vLLMHttpServer pid=4217)[0m (Worker_TP1_EP1 pid=4594) INFO:2026-06-11 14:10:39,783:Loading standard weights (non-FP8, async)
[36m(vLLMHttpServer pid=4217)[0m (Worker_TP0_EP0 pid=4593) INFO:2026-06-11 14:10:39,783:Loading standard weights (non-FP8, async)
[36m(vLLMHttpServer pid=4217)[0m (Worker_TP3_EP3 pid=4596) INFO:2026-06-11 14:10:39,783:Loading standard weights (non-FP8, async)
[36m(vLLMHttpServer pid=4217)[0m (Worker_TP2_EP2 pid=4595) INFO:2026-06-11 14:10:39,783:Loading standard weights (non-FP8, async)
[36m(vLLMHttpServer pid=4217)[0m (Worker_TP2_EP2 pid=4595) INFO:2026-06-11 14:10:39,813:Loading standard weights (non-FP8, async)
[36m(vLLMHttpServer pid=4217)[0m (Worker_TP3_EP3 pid=4596) INFO:2026-06-11 14:10:39,813:Loading standard weights (non-FP8, async)
[36m(vLLMHttpServer pid=4217)[0m (Worker_TP0_EP0 pid=4593) INFO:2026-06-11 14:10:39,813:Loading standard weights (non-FP8, async)
[36m(vLLMHttpServer pid=4217)[0m (Worker_TP1_EP1 pid=4594) INFO:2026-06-11 14:10:39,813:Loading standard weights (non-FP8, async)
[36m(vLLMHttpServer pid=4217)[0m (Worker_TP2_EP2 pid=4595) INFO:2026-06-11 14:10:39,843:Loading standard weights (non-FP8, async)
[36m(vLLMHttpServer pid=4217)[0m (Worker_TP3_EP3 pid=4596) INFO:2026-06-11 14:10:39,843:Loading standard weights (non-FP8, async)
[36m(vLLMHttpServer pid=4217)[0m (Worker_TP1_EP1 pid=4594) INFO:2026-06-11 14:10:39,843:Loading standard weights (non-FP8, async)
[36m(vLLMHttpServer pid=4217)[0m (Worker_TP0_EP0 pid=4593) INFO:2026-06-11 14:10:39,843:Loading standard weights (non-FP8, async)
[36m(vLLMHttpServer pid=4217)[0m (Worker_TP1_EP1 pid=4594) INFO:2026-06-11 14:10:39,873:Loading standard weights (non-FP8, async)
[36m(vLLMHttpServer pid=4217)[0m (Worker_TP2_EP2 pid=4595) INFO:2026-06-11 14:10:39,873:Loading standard weights (non-FP8, async)
[36m(vLLMHttpServer pid=4217)[0m (Worker_TP3_EP3 pid=4596) INFO:2026-06-11 14:10:39,873:Loading standard weights (non-FP8, async)
[36m(vLLMHttpServer pid=4217)[0m (Worker_TP0_EP0 pid=4593) INFO:2026-06-11 14:10:39,873:Loading standard weights (non-FP8, async)
[36m(vLLMHttpServer pid=4217)[0m (Worker_TP3_EP3 pid=4596) INFO:2026-06-11 14:10:39,906:Loading standard weights (non-FP8, async)
[36m(vLLMHttpServer pid=4217)[0m (Worker_TP0_EP0 pid=4593) INFO:2026-06-11 14:10:39,906:Loading standard weights (non-FP8, async)
[36m(vLLMHttpServer pid=4217)[0m (Worker_TP1_EP1 pid=4594) INFO:2026-06-11 14:10:39,906:Loading standard weights (non-FP8, async)
[36m(vLLMHttpServer pid=4217)[0m (Worker_TP2_EP2 pid=4595) INFO:2026-06-11 14:10:39,906:Loading standard weights (non-FP8, async)
[36m(vLLMHttpServer pid=4217)[0m (Worker_TP1_EP1 pid=4594) INFO:2026-06-11 14:10:39,936:Loading standard weights (non-FP8, async)
[36m(vLLMHttpServer pid=4217)[0m (Worker_TP3_EP3 pid=4596) INFO:2026-06-11 14:10:39,936:Loading standard weights (non-FP8, async)
[36m(vLLMHttpServer pid=4217)[0m (Worker_TP0_EP0 pid=4593) INFO:2026-06-11 14:10:39,936:Loading standard weights (non-FP8, async)
[36m(vLLMHttpServer pid=4217)[0m (Worker_TP2_EP2 pid=4595) INFO:2026-06-11 14:10:39,936:Loading standard weights (non-FP8, async)
[36m(vLLMHttpServer pid=4217)[0m (Worker_TP2_EP2 pid=4595) INFO:2026-06-11 14:10:39,965:Loading standard weights (non-FP8, async)
[36m(vLLMHttpServer pid=4217)[0m (Worker_TP3_EP3 pid=4596) INFO:2026-06-11 14:10:39,965:Loading standard weights (non-FP8, async)
[36m(vLLMHttpServer pid=4217)[0m (Worker_TP1_EP1 pid=4594) INFO:2026-06-11 14:10:39,965:Loading standard weights (non-FP8, async)
[36m(vLLMHttpServer pid=4217)[0m (Worker_TP0_EP0 pid=4593) INFO:2026-06-11 14:10:39,965:Loading standard weights (non-FP8, async)
[36m(vLLMHttpServer pid=4217)[0m (Worker_TP2_EP2 pid=4595) INFO:2026-06-11 14:10:39,996:Loading standard weights (non-FP8, async)
[36m(vLLMHttpServer pid=4217)[0m (Worker_TP0_EP0 pid=4593) INFO:2026-06-11 14:10:39,996:Loading standard weights (non-FP8, async)
[36m(vLLMHttpServer pid=4217)[0m (Worker_TP3_EP3 pid=4596) INFO:2026-06-11 14:10:39,996:Loading standard weights (non-FP8, async)
[36m(vLLMHttpServer pid=4217)[0m (Worker_TP1_EP1 pid=4594) INFO:2026-06-11 14:10:39,996:Loading standard weights (non-FP8, async)
[36m(vLLMHttpServer pid=4217)[0m (Worker_TP2_EP2 pid=4595) INFO:2026-06-11 14:10:40,026:Loading standard weights (non-FP8, async)
[36m(vLLMHttpServer pid=4217)[0m (Worker_TP1_EP1 pid=4594) INFO:2026-06-11 14:10:40,026:Loading standard weights (non-FP8, async)
[36m(vLLMHttpServer pid=4217)[0m (Worker_TP0_EP0 pid=4593) INFO:2026-06-11 14:10:40,026:Loading standard weights (non-FP8, async)
[36m(vLLMHttpServer pid=4217)[0m (Worker_TP3_EP3 pid=4596) INFO:2026-06-11 14:10:40,026:Loading standard weights (non-FP8, async)
[36m(vLLMHttpServer pid=4217)[0m (Worker_TP2_EP2 pid=4595) INFO:2026-06-11 14:10:40,056:Loading standard weights (non-FP8, async)
[36m(vLLMHttpServer pid=4217)[0m (Worker_TP3_EP3 pid=4596) INFO:2026-06-11 14:10:40,056:Loading standard weights (non-FP8, async)
[36m(vLLMHttpServer pid=4217)[0m (Worker_TP0_EP0 pid=4593) INFO:2026-06-11 14:10:40,056:Loading standard weights (non-FP8, async)
[36m(vLLMHttpServer pid=4217)[0m (Worker_TP1_EP1 pid=4594) INFO:2026-06-11 14:10:40,056:Loading standard weights (non-FP8, async)
[36m(vLLMHttpServer pid=4217)[0m (Worker_TP0_EP0 pid=4593) INFO:2026-06-11 14:10:40,086:Loading standard weights (non-FP8, async)
[36m(vLLMHttpServer pid=4217)[0m (Worker_TP3_EP3 pid=4596) INFO:2026-06-11 14:10:40,086:Loading standard weights (non-FP8, async)
[36m(vLLMHttpServer pid=4217)[0m (Worker_TP2_EP2 pid=4595) INFO:2026-06-11 14:10:40,086:Loading standard weights (non-FP8, async)
[36m(vLLMHttpServer pid=4217)[0m (Worker_TP1_EP1 pid=4594) INFO:2026-06-11 14:10:40,087:Loading standard weights (non-FP8, async)
[36m(vLLMHttpServer pid=4217)[0m (Worker_TP2_EP2 pid=4595) INFO:2026-06-11 14:10:40,116:Loading standard weights (non-FP8, async)
[36m(vLLMHttpServer pid=4217)[0m (Worker_TP1_EP1 pid=4594) INFO:2026-06-11 14:10:40,116:Loading standard weights (non-FP8, async)
[36m(vLLMHttpServer pid=4217)[0m (Worker_TP3_EP3 pid=4596) INFO:2026-06-11 14:10:40,116:Loading standard weights (non-FP8, async)
[36m(vLLMHttpServer pid=4217)[0m (Worker_TP0_EP0 pid=4593) INFO:2026-06-11 14:10:40,117:Loading standard weights (non-FP8, async)
[36m(vLLMHttpServer pid=4217)[0m (Worker_TP3_EP3 pid=4596) INFO:2026-06-11 14:10:40,151:Loading standard weights (non-FP8, async)
[36m(vLLMHttpServer pid=4217)[0m (Worker_TP0_EP0 pid=4593) INFO:2026-06-11 14:10:40,151:Loading standard weights (non-FP8, async)
[36m(vLLMHttpServer pid=4217)[0m (Worker_TP1_EP1 pid=4594) INFO:2026-06-11 14:10:40,151:Loading standard weights (non-FP8, async)
[36m(vLLMHttpServer pid=4217)[0m (Worker_TP2_EP2 pid=4595) INFO:2026-06-11 14:10:40,151:Loading standard weights (non-FP8, async)
[36m(vLLMHttpServer pid=4217)[0m (Worker_TP3_EP3 pid=4596) INFO:2026-06-11 14:10:40,181:Loading standard weights (non-FP8, async)
[36m(vLLMHttpServer pid=4217)[0m (Worker_TP0_EP0 pid=4593) INFO:2026-06-11 14:10:40,182:Loading standard weights (non-FP8, async)
[36m(vLLMHttpServer pid=4217)[0m (Worker_TP1_EP1 pid=4594) INFO:2026-06-11 14:10:40,182:Loading standard weights (non-FP8, async)
[36m(vLLMHttpServer pid=4217)[0m (Worker_TP2_EP2 pid=4595) INFO:2026-06-11 14:10:40,182:Loading standard weights (non-FP8, async)
[36m(vLLMHttpServer pid=4217)[0m (Worker_TP2_EP2 pid=4595) INFO:2026-06-11 14:10:40,212:Loading standard weights (non-FP8, async)
[36m(vLLMHttpServer pid=4217)[0m (Worker_TP0_EP0 pid=4593) INFO:2026-06-11 14:10:40,212:Loading standard weights (non-FP8, async)
[36m(vLLMHttpServer pid=4217)[0m (Worker_TP3_EP3 pid=4596) INFO:2026-06-11 14:10:40,212:Loading standard weights (non-FP8, async)
[36m(vLLMHttpServer pid=4217)[0m (Worker_TP1_EP1 pid=4594) INFO:2026-06-11 14:10:40,212:Loading standard weights (non-FP8, async)
[36m(vLLMHttpServer pid=4217)[0m (Worker_TP0_EP0 pid=4593) INFO:2026-06-11 14:10:40,243:Loading standard weights (non-FP8, async)
[36m(vLLMHttpServer pid=4217)[0m (Worker_TP1_EP1 pid=4594) INFO:2026-06-11 14:10:40,243:Loading standard weights (non-FP8, async)
[36m(vLLMHttpServer pid=4217)[0m (Worker_TP2_EP2 pid=4595) INFO:2026-06-11 14:10:40,243:Loading standard weights (non-FP8, async)
[36m(vLLMHttpServer pid=4217)[0m (Worker_TP3_EP3 pid=4596) INFO:2026-06-11 14:10:40,243:Loading standard weights (non-FP8, async)
[36m(vLLMHttpServer pid=4217)[0m (Worker_TP0_EP0 pid=4593) INFO:2026-06-11 14:10:40,275:Loading standard weights (non-FP8, async)
[36m(vLLMHttpServer pid=4217)[0m (Worker_TP3_EP3 pid=4596) INFO:2026-06-11 14:10:40,275:Loading standard weights (non-FP8, async)
[36m(vLLMHttpServer pid=4217)[0m (Worker_TP1_EP1 pid=4594) INFO:2026-06-11 14:10:40,275:Loading standard weights (non-FP8, async)
[36m(vLLMHttpServer pid=4217)[0m (Worker_TP2_EP2 pid=4595) INFO:2026-06-11 14:10:40,275:Loading standard weights (non-FP8, async)
[36m(vLLMHttpServer pid=4217)[0m (Worker_TP0_EP0 pid=4593) INFO:2026-06-11 14:10:40,305:Loading standard weights (non-FP8, async)
[36m(vLLMHttpServer pid=4217)[0m (Worker_TP3_EP3 pid=4596) INFO:2026-06-11 14:10:40,305:Loading standard weights (non-FP8, async)
[36m(vLLMHttpServer pid=4217)[0m (Worker_TP2_EP2 pid=4595) INFO:2026-06-11 14:10:40,305:Loading standard weights (non-FP8, async)
[36m(vLLMHttpServer pid=4217)[0m (Worker_TP1_EP1 pid=4594) INFO:2026-06-11 14:10:40,305:Loading standard weights (non-FP8, async)
[36m(vLLMHttpServer pid=4217)[0m (Worker_TP3_EP3 pid=4596) INFO:2026-06-11 14:10:40,334:Loading standard weights (non-FP8, async)
[36m(vLLMHttpServer pid=4217)[0m (Worker_TP0_EP0 pid=4593) INFO:2026-06-11 14:10:40,334:Loading standard weights (non-FP8, async)
[36m(vLLMHttpServer pid=4217)[0m (Worker_TP2_EP2 pid=4595) INFO:2026-06-11 14:10:40,334:Loading standard weights (non-FP8, async)
[36m(vLLMHttpServer pid=4217)[0m (Worker_TP1_EP1 pid=4594) INFO:2026-06-11 14:10:40,334:Loading standard weights (non-FP8, async)
[36m(vLLMHttpServer pid=4217)[0m (Worker_TP3_EP3 pid=4596) INFO:2026-06-11 14:10:40,360:Loading standard weights (non-FP8, async)
[36m(vLLMHttpServer pid=4217)[0m (Worker_TP1_EP1 pid=4594) INFO:2026-06-11 14:10:40,362:Loading standard weights (non-FP8, async)
[36m(vLLMHttpServer pid=4217)[0m (Worker_TP0_EP0 pid=4593) INFO:2026-06-11 14:10:40,363:Loading standard weights (non-FP8, async)
[36m(vLLMHttpServer pid=4217)[0m (Worker_TP2_EP2 pid=4595) INFO:2026-06-11 14:10:40,364:Loading standard weights (non-FP8, async)
[36m(TaskRunner pid=1943)[0m Training Progress:  80%|████████  | 4/5 [03:10<00:35, 35.76s/it]
[36m(vLLMHttpServer pid=4217)[0m (Worker_TP1_EP1 pid=4594) INFO:2026-06-11 14:11:00,652:Loading standard weights (non-FP8, async)
[36m(vLLMHttpServer pid=4217)[0m (Worker_TP2_EP2 pid=4595) INFO:2026-06-11 14:11:00,652:Loading standard weights (non-FP8, async)
[36m(vLLMHttpServer pid=4217)[0m (Worker_TP3_EP3 pid=4596) INFO:2026-06-11 14:11:00,653:Loading standard weights (non-FP8, async)
[36m(vLLMHttpServer pid=4217)[0m (Worker_TP0_EP0 pid=4593) INFO:2026-06-11 14:11:00,653:Loading standard weights (non-FP8, async)
[36m(vLLMHttpServer pid=4217)[0m (Worker_TP2_EP2 pid=4595) INFO:2026-06-11 14:11:00,679:Loading standard weights (non-FP8, async)
[36m(vLLMHttpServer pid=4217)[0m (Worker_TP3_EP3 pid=4596) INFO:2026-06-11 14:11:00,679:Loading standard weights (non-FP8, async)
[36m(vLLMHttpServer pid=4217)[0m (Worker_TP1_EP1 pid=4594) INFO:2026-06-11 14:11:00,679:Loading standard weights (non-FP8, async)
[36m(vLLMHttpServer pid=4217)[0m (Worker_TP0_EP0 pid=4593) INFO:2026-06-11 14:11:00,679:Loading standard weights (non-FP8, async)
[36m(vLLMHttpServer pid=4217)[0m (Worker_TP2_EP2 pid=4595) INFO:2026-06-11 14:11:00,710:Loading standard weights (non-FP8, async)
[36m(vLLMHttpServer pid=4217)[0m (Worker_TP1_EP1 pid=4594) INFO:2026-06-11 14:11:00,710:Loading standard weights (non-FP8, async)
[36m(vLLMHttpServer pid=4217)[0m (Worker_TP3_EP3 pid=4596) INFO:2026-06-11 14:11:00,710:Loading standard weights (non-FP8, async)
[36m(vLLMHttpServer pid=4217)[0m (Worker_TP0_EP0 pid=4593) INFO:2026-06-11 14:11:00,710:Loading standard weights (non-FP8, async)
[36m(vLLMHttpServer pid=4217)[0m (Worker_TP3_EP3 pid=4596) INFO:2026-06-11 14:11:00,741:Loading standard weights (non-FP8, async)
[36m(vLLMHttpServer pid=4217)[0m (Worker_TP1_EP1 pid=4594) INFO:2026-06-11 14:11:00,741:Loading standard weights (non-FP8, async)
[36m(vLLMHttpServer pid=4217)[0m (Worker_TP2_EP2 pid=4595) INFO:2026-06-11 14:11:00,741:Loading standard weights (non-FP8, async)
[36m(vLLMHttpServer pid=4217)[0m (Worker_TP0_EP0 pid=4593) INFO:2026-06-11 14:11:00,741:Loading standard weights (non-FP8, async)
[36m(vLLMHttpServer pid=4217)[0m (Worker_TP2_EP2 pid=4595) INFO:2026-06-11 14:11:00,772:Loading standard weights (non-FP8, async)
[36m(vLLMHttpServer pid=4217)[0m (Worker_TP3_EP3 pid=4596) INFO:2026-06-11 14:11:00,772:Loading standard weights (non-FP8, async)
[36m(vLLMHttpServer pid=4217)[0m (Worker_TP0_EP0 pid=4593) INFO:2026-06-11 14:11:00,773:Loading standard weights (non-FP8, async)
[36m(vLLMHttpServer pid=4217)[0m (Worker_TP1_EP1 pid=4594) INFO:2026-06-11 14:11:00,773:Loading standard weights (non-FP8, async)
[36m(vLLMHttpServer pid=4217)[0m (Worker_TP2_EP2 pid=4595) INFO:2026-06-11 14:11:00,803:Loading standard weights (non-FP8, async)
[36m(vLLMHttpServer pid=4217)[0m (Worker_TP3_EP3 pid=4596) INFO:2026-06-11 14:11:00,804:Loading standard weights (non-FP8, async)
[36m(vLLMHttpServer pid=4217)[0m (Worker_TP0_EP0 pid=4593) INFO:2026-06-11 14:11:00,804:Loading standard weights (non-FP8, async)
[36m(vLLMHttpServer pid=4217)[0m (Worker_TP1_EP1 pid=4594) INFO:2026-06-11 14:11:00,804:Loading standard weights (non-FP8, async)
[36m(vLLMHttpServer pid=4217)[0m (Worker_TP3_EP3 pid=4596) INFO:2026-06-11 14:11:00,834:Loading standard weights (non-FP8, async)
[36m(vLLMHttpServer pid=4217)[0m (Worker_TP0_EP0 pid=4593) INFO:2026-06-11 14:11:00,834:Loading standard weights (non-FP8, async)
[36m(vLLMHttpServer pid=4217)[0m (Worker_TP1_EP1 pid=4594) INFO:2026-06-11 14:11:00,834:Loading standard weights (non-FP8, async)
[36m(vLLMHttpServer pid=4217)[0m (Worker_TP2_EP2 pid=4595) INFO:2026-06-11 14:11:00,834:Loading standard weights (non-FP8, async)
[36m(vLLMHttpServer pid=4217)[0m (Worker_TP1_EP1 pid=4594) INFO:2026-06-11 14:11:00,865:Loading standard weights (non-FP8, async)
[36m(vLLMHttpServer pid=4217)[0m (Worker_TP0_EP0 pid=4593) INFO:2026-06-11 14:11:00,865:Loading standard weights (non-FP8, async)
[36m(vLLMHttpServer pid=4217)[0m (Worker_TP3_EP3 pid=4596) INFO:2026-06-11 14:11:00,865:Loading standard weights (non-FP8, async)
[36m(vLLMHttpServer pid=4217)[0m (Worker_TP2_EP2 pid=4595) INFO:2026-06-11 14:11:00,865:Loading standard weights (non-FP8, async)
[36m(vLLMHttpServer pid=4217)[0m (Worker_TP1_EP1 pid=4594) INFO:2026-06-11 14:11:00,899:Loading standard weights (non-FP8, async)
[36m(vLLMHttpServer pid=4217)[0m (Worker_TP3_EP3 pid=4596) INFO:2026-06-11 14:11:00,899:Loading standard weights (non-FP8, async)
[36m(vLLMHttpServer pid=4217)[0m (Worker_TP0_EP0 pid=4593) INFO:2026-06-11 14:11:00,899:Loading standard weights (non-FP8, async)
[36m(vLLMHttpServer pid=4217)[0m (Worker_TP2_EP2 pid=4595) INFO:2026-06-11 14:11:00,899:Loading standard weights (non-FP8, async)
[36m(vLLMHttpServer pid=4217)[0m (Worker_TP2_EP2 pid=4595) INFO:2026-06-11 14:11:00,931:Loading standard weights (non-FP8, async)
[36m(vLLMHttpServer pid=4217)[0m (Worker_TP1_EP1 pid=4594) INFO:2026-06-11 14:11:00,931:Loading standard weights (non-FP8, async)
[36m(vLLMHttpServer pid=4217)[0m (Worker_TP3_EP3 pid=4596) INFO:2026-06-11 14:11:00,931:Loading standard weights (non-FP8, async)
[36m(vLLMHttpServer pid=4217)[0m (Worker_TP0_EP0 pid=4593) INFO:2026-06-11 14:11:00,931:Loading standard weights (non-FP8, async)
[36m(vLLMHttpServer pid=4217)[0m (Worker_TP3_EP3 pid=4596) INFO:2026-06-11 14:11:00,961:Loading standard weights (non-FP8, async)
[36m(vLLMHttpServer pid=4217)[0m (Worker_TP2_EP2 pid=4595) INFO:2026-06-11 14:11:00,961:Loading standard weights (non-FP8, async)
[36m(vLLMHttpServer pid=4217)[0m (Worker_TP1_EP1 pid=4594) INFO:2026-06-11 14:11:00,961:Loading standard weights (non-FP8, async)
[36m(vLLMHttpServer pid=4217)[0m (Worker_TP0_EP0 pid=4593) INFO:2026-06-11 14:11:00,961:Loading standard weights (non-FP8, async)
[36m(vLLMHttpServer pid=4217)[0m (Worker_TP2_EP2 pid=4595) INFO:2026-06-11 14:11:00,992:Loading standard weights (non-FP8, async)
[36m(vLLMHttpServer pid=4217)[0m (Worker_TP3_EP3 pid=4596) INFO:2026-06-11 14:11:00,992:Loading standard weights (non-FP8, async)
[36m(vLLMHttpServer pid=4217)[0m (Worker_TP0_EP0 pid=4593) INFO:2026-06-11 14:11:00,992:Loading standard weights (non-FP8, async)
[36m(vLLMHttpServer pid=4217)[0m (Worker_TP1_EP1 pid=4594) INFO:2026-06-11 14:11:00,992:Loading standard weights (non-FP8, async)
[36m(vLLMHttpServer pid=4217)[0m (Worker_TP1_EP1 pid=4594) INFO:2026-06-11 14:11:01,022:Loading standard weights (non-FP8, async)
[36m(vLLMHttpServer pid=4217)[0m (Worker_TP0_EP0 pid=4593) INFO:2026-06-11 14:11:01,022:Loading standard weights (non-FP8, async)
[36m(vLLMHttpServer pid=4217)[0m (Worker_TP2_EP2 pid=4595) INFO:2026-06-11 14:11:01,022:Loading standard weights (non-FP8, async)
[36m(vLLMHttpServer pid=4217)[0m (Worker_TP3_EP3 pid=4596) INFO:2026-06-11 14:11:01,022:Loading standard weights (non-FP8, async)
[36m(vLLMHttpServer pid=4217)[0m (Worker_TP3_EP3 pid=4596) INFO:2026-06-11 14:11:01,053:Loading standard weights (non-FP8, async)
[36m(vLLMHttpServer pid=4217)[0m (Worker_TP2_EP2 pid=4595) INFO:2026-06-11 14:11:01,053:Loading standard weights (non-FP8, async)
[36m(vLLMHttpServer pid=4217)[0m (Worker_TP0_EP0 pid=4593) INFO:2026-06-11 14:11:01,053:Loading standard weights (non-FP8, async)
[36m(vLLMHttpServer pid=4217)[0m (Worker_TP1_EP1 pid=4594) INFO:2026-06-11 14:11:01,053:Loading standard weights (non-FP8, async)
[36m(vLLMHttpServer pid=4217)[0m (Worker_TP1_EP1 pid=4594) INFO:2026-06-11 14:11:01,084:Loading standard weights (non-FP8, async)
[36m(vLLMHttpServer pid=4217)[0m (Worker_TP3_EP3 pid=4596) INFO:2026-06-11 14:11:01,084:Loading standard weights (non-FP8, async)
[36m(vLLMHttpServer pid=4217)[0m (Worker_TP2_EP2 pid=4595) INFO:2026-06-11 14:11:01,084:Loading standard weights (non-FP8, async)
[36m(vLLMHttpServer pid=4217)[0m (Worker_TP0_EP0 pid=4593) INFO:2026-06-11 14:11:01,084:Loading standard weights (non-FP8, async)
[36m(vLLMHttpServer pid=4217)[0m (Worker_TP1_EP1 pid=4594) INFO:2026-06-11 14:11:01,115:Loading standard weights (non-FP8, async)
[36m(vLLMHttpServer pid=4217)[0m (Worker_TP3_EP3 pid=4596) INFO:2026-06-11 14:11:01,115:Loading standard weights (non-FP8, async)
[36m(vLLMHttpServer pid=4217)[0m (Worker_TP2_EP2 pid=4595) INFO:2026-06-11 14:11:01,115:Loading standard weights (non-FP8, async)
[36m(vLLMHttpServer pid=4217)[0m (Worker_TP0_EP0 pid=4593) INFO:2026-06-11 14:11:01,115:Loading standard weights (non-FP8, async)
[36m(vLLMHttpServer pid=4217)[0m (Worker_TP3_EP3 pid=4596) INFO:2026-06-11 14:11:01,145:Loading standard weights (non-FP8, async)
[36m(vLLMHttpServer pid=4217)[0m (Worker_TP0_EP0 pid=4593) INFO:2026-06-11 14:11:01,145:Loading standard weights (non-FP8, async)
[36m(vLLMHttpServer pid=4217)[0m (Worker_TP2_EP2 pid=4595) INFO:2026-06-11 14:11:01,145:Loading standard weights (non-FP8, async)
[36m(vLLMHttpServer pid=4217)[0m (Worker_TP1_EP1 pid=4594) INFO:2026-06-11 14:11:01,145:Loading standard weights (non-FP8, async)
[36m(vLLMHttpServer pid=4217)[0m (Worker_TP3_EP3 pid=4596) INFO:2026-06-11 14:11:01,176:Loading standard weights (non-FP8, async)
[36m(vLLMHttpServer pid=4217)[0m (Worker_TP2_EP2 pid=4595) INFO:2026-06-11 14:11:01,177:Loading standard weights (non-FP8, async)
[36m(vLLMHttpServer pid=4217)[0m (Worker_TP1_EP1 pid=4594) INFO:2026-06-11 14:11:01,177:Loading standard weights (non-FP8, async)
[36m(vLLMHttpServer pid=4217)[0m (Worker_TP0_EP0 pid=4593) INFO:2026-06-11 14:11:01,177:Loading standard weights (non-FP8, async)
[36m(vLLMHttpServer pid=4217)[0m (Worker_TP0_EP0 pid=4593) INFO:2026-06-11 14:11:01,207:Loading standard weights (non-FP8, async)
[36m(vLLMHttpServer pid=4217)[0m (Worker_TP1_EP1 pid=4594) INFO:2026-06-11 14:11:01,207:Loading standard weights (non-FP8, async)
[36m(vLLMHttpServer pid=4217)[0m (Worker_TP3_EP3 pid=4596) INFO:2026-06-11 14:11:01,207:Loading standard weights (non-FP8, async)
[36m(vLLMHttpServer pid=4217)[0m (Worker_TP2_EP2 pid=4595) INFO:2026-06-11 14:11:01,207:Loading standard weights (non-FP8, async)
[36m(vLLMHttpServer pid=4217)[0m (Worker_TP3_EP3 pid=4596) INFO:2026-06-11 14:11:01,237:Loading standard weights (non-FP8, async)
[36m(vLLMHttpServer pid=4217)[0m (Worker_TP2_EP2 pid=4595) INFO:2026-06-11 14:11:01,237:Loading standard weights (non-FP8, async)
[36m(vLLMHttpServer pid=4217)[0m (Worker_TP0_EP0 pid=4593) INFO:2026-06-11 14:11:01,237:Loading standard weights (non-FP8, async)
[36m(vLLMHttpServer pid=4217)[0m (Worker_TP1_EP1 pid=4594) INFO:2026-06-11 14:11:01,237:Loading standard weights (non-FP8, async)
[36m(vLLMHttpServer pid=4217)[0m (Worker_TP1_EP1 pid=4594) INFO:2026-06-11 14:11:01,267:Loading standard weights (non-FP8, async)
[36m(vLLMHttpServer pid=4217)[0m (Worker_TP0_EP0 pid=4593) INFO:2026-06-11 14:11:01,267:Loading standard weights (non-FP8, async)
[36m(vLLMHttpServer pid=4217)[0m (Worker_TP3_EP3 pid=4596) INFO:2026-06-11 14:11:01,267:Loading standard weights (non-FP8, async)
[36m(vLLMHttpServer pid=4217)[0m (Worker_TP2_EP2 pid=4595) INFO:2026-06-11 14:11:01,267:Loading standard weights (non-FP8, async)
[36m(vLLMHttpServer pid=4217)[0m (Worker_TP1_EP1 pid=4594) INFO:2026-06-11 14:11:01,297:Loading standard weights (non-FP8, async)
[36m(vLLMHttpServer pid=4217)[0m (Worker_TP0_EP0 pid=4593) INFO:2026-06-11 14:11:01,297:Loading standard weights (non-FP8, async)
[36m(vLLMHttpServer pid=4217)[0m (Worker_TP2_EP2 pid=4595) INFO:2026-06-11 14:11:01,297:Loading standard weights (non-FP8, async)
[36m(vLLMHttpServer pid=4217)[0m (Worker_TP3_EP3 pid=4596) INFO:2026-06-11 14:11:01,297:Loading standard weights (non-FP8, async)
[36m(vLLMHttpServer pid=4217)[0m (Worker_TP0_EP0 pid=4593) INFO:2026-06-11 14:11:01,327:Loading standard weights (non-FP8, async)
[36m(vLLMHttpServer pid=4217)[0m (Worker_TP2_EP2 pid=4595) INFO:2026-06-11 14:11:01,327:Loading standard weights (non-FP8, async)
[36m(vLLMHttpServer pid=4217)[0m (Worker_TP1_EP1 pid=4594) INFO:2026-06-11 14:11:01,327:Loading standard weights (non-FP8, async)
[36m(vLLMHttpServer pid=4217)[0m (Worker_TP3_EP3 pid=4596) INFO:2026-06-11 14:11:01,327:Loading standard weights (non-FP8, async)
[36m(vLLMHttpServer pid=4217)[0m (Worker_TP1_EP1 pid=4594) INFO:2026-06-11 14:11:01,356:Loading standard weights (non-FP8, async)
[36m(vLLMHttpServer pid=4217)[0m (Worker_TP2_EP2 pid=4595) INFO:2026-06-11 14:11:01,356:Loading standard weights (non-FP8, async)
[36m(vLLMHttpServer pid=4217)[0m (Worker_TP0_EP0 pid=4593) INFO:2026-06-11 14:11:01,356:Loading standard weights (non-FP8, async)
[36m(vLLMHttpServer pid=4217)[0m (Worker_TP3_EP3 pid=4596) INFO:2026-06-11 14:11:01,356:Loading standard weights (non-FP8, async)
[36m(vLLMHttpServer pid=4217)[0m (Worker_TP1_EP1 pid=4594) INFO:2026-06-11 14:11:01,388:Loading standard weights (non-FP8, async)
[36m(vLLMHttpServer pid=4217)[0m (Worker_TP3_EP3 pid=4596) INFO:2026-06-11 14:11:01,388:Loading standard weights (non-FP8, async)
[36m(vLLMHttpServer pid=4217)[0m (Worker_TP0_EP0 pid=4593) INFO:2026-06-11 14:11:01,388:Loading standard weights (non-FP8, async)
[36m(vLLMHttpServer pid=4217)[0m (Worker_TP2_EP2 pid=4595) INFO:2026-06-11 14:11:01,388:Loading standard weights (non-FP8, async)
[36m(vLLMHttpServer pid=4217)[0m (Worker_TP0_EP0 pid=4593) INFO:2026-06-11 14:11:01,417:Loading standard weights (non-FP8, async)
[36m(vLLMHttpServer pid=4217)[0m (Worker_TP3_EP3 pid=4596) INFO:2026-06-11 14:11:01,417:Loading standard weights (non-FP8, async)
[36m(vLLMHttpServer pid=4217)[0m (Worker_TP2_EP2 pid=4595) INFO:2026-06-11 14:11:01,417:Loading standard weights (non-FP8, async)
[36m(vLLMHttpServer pid=4217)[0m (Worker_TP1_EP1 pid=4594) INFO:2026-06-11 14:11:01,417:Loading standard weights (non-FP8, async)
[36m(vLLMHttpServer pid=4217)[0m (Worker_TP3_EP3 pid=4596) INFO:2026-06-11 14:11:01,447:Loading standard weights (non-FP8, async)
[36m(vLLMHttpServer pid=4217)[0m (Worker_TP0_EP0 pid=4593) INFO:2026-06-11 14:11:01,447:Loading standard weights (non-FP8, async)
[36m(vLLMHttpServer pid=4217)[0m (Worker_TP2_EP2 pid=4595) INFO:2026-06-11 14:11:01,448:Loading standard weights (non-FP8, async)
[36m(vLLMHttpServer pid=4217)[0m (Worker_TP1_EP1 pid=4594) INFO:2026-06-11 14:11:01,448:Loading standard weights (non-FP8, async)
[36m(vLLMHttpServer pid=4217)[0m (Worker_TP2_EP2 pid=4595) INFO:2026-06-11 14:11:01,476:Loading standard weights (non-FP8, async)
[36m(vLLMHttpServer pid=4217)[0m (Worker_TP3_EP3 pid=4596) INFO:2026-06-11 14:11:01,477:Loading standard weights (non-FP8, async)
[36m(vLLMHttpServer pid=4217)[0m (Worker_TP1_EP1 pid=4594) INFO:2026-06-11 14:11:01,477:Loading standard weights (non-FP8, async)
[36m(vLLMHttpServer pid=4217)[0m (Worker_TP0_EP0 pid=4593) INFO:2026-06-11 14:11:01,477:Loading standard weights (non-FP8, async)
[36m(vLLMHttpServer pid=4217)[0m (Worker_TP0_EP0 pid=4593) INFO:2026-06-11 14:11:01,507:Loading standard weights (non-FP8, async)
[36m(vLLMHttpServer pid=4217)[0m (Worker_TP2_EP2 pid=4595) INFO:2026-06-11 14:11:01,507:Loading standard weights (non-FP8, async)
[36m(vLLMHttpServer pid=4217)[0m (Worker_TP3_EP3 pid=4596) INFO:2026-06-11 14:11:01,507:Loading standard weights (non-FP8, async)
[36m(vLLMHttpServer pid=4217)[0m (Worker_TP1_EP1 pid=4594) INFO:2026-06-11 14:11:01,508:Loading standard weights (non-FP8, async)
[36m(vLLMHttpServer pid=4217)[0m (Worker_TP2_EP2 pid=4595) INFO:2026-06-11 14:11:01,538:Loading standard weights (non-FP8, async)
[36m(vLLMHttpServer pid=4217)[0m (Worker_TP0_EP0 pid=4593) INFO:2026-06-11 14:11:01,538:Loading standard weights (non-FP8, async)
[36m(vLLMHttpServer pid=4217)[0m (Worker_TP1_EP1 pid=4594) INFO:2026-06-11 14:11:01,538:Loading standard weights (non-FP8, async)
[36m(vLLMHttpServer pid=4217)[0m (Worker_TP3_EP3 pid=4596) INFO:2026-06-11 14:11:01,538:Loading standard weights (non-FP8, async)
[36m(vLLMHttpServer pid=4217)[0m (Worker_TP2_EP2 pid=4595) INFO:2026-06-11 14:11:01,568:Loading standard weights (non-FP8, async)
[36m(vLLMHttpServer pid=4217)[0m (Worker_TP1_EP1 pid=4594) INFO:2026-06-11 14:11:01,568:Loading standard weights (non-FP8, async)
[36m(vLLMHttpServer pid=4217)[0m (Worker_TP3_EP3 pid=4596) INFO:2026-06-11 14:11:01,568:Loading standard weights (non-FP8, async)
[36m(vLLMHttpServer pid=4217)[0m (Worker_TP0_EP0 pid=4593) INFO:2026-06-11 14:11:01,569:Loading standard weights (non-FP8, async)
[36m(vLLMHttpServer pid=4217)[0m (Worker_TP1_EP1 pid=4594) INFO:2026-06-11 14:11:01,598:Loading standard weights (non-FP8, async)
[36m(vLLMHttpServer pid=4217)[0m (Worker_TP3_EP3 pid=4596) INFO:2026-06-11 14:11:01,598:Loading standard weights (non-FP8, async)
[36m(vLLMHttpServer pid=4217)[0m (Worker_TP2_EP2 pid=4595) INFO:2026-06-11 14:11:01,598:Loading standard weights (non-FP8, async)
[36m(vLLMHttpServer pid=4217)[0m (Worker_TP0_EP0 pid=4593) INFO:2026-06-11 14:11:01,598:Loading standard weights (non-FP8, async)
[36m(vLLMHttpServer pid=4217)[0m (Worker_TP2_EP2 pid=4595) INFO:2026-06-11 14:11:01,629:Loading standard weights (non-FP8, async)
[36m(vLLMHttpServer pid=4217)[0m (Worker_TP1_EP1 pid=4594) INFO:2026-06-11 14:11:01,629:Loading standard weights (non-FP8, async)
[36m(vLLMHttpServer pid=4217)[0m (Worker_TP3_EP3 pid=4596) INFO:2026-06-11 14:11:01,629:Loading standard weights (non-FP8, async)
[36m(vLLMHttpServer pid=4217)[0m (Worker_TP0_EP0 pid=4593) INFO:2026-06-11 14:11:01,629:Loading standard weights (non-FP8, async)
[36m(vLLMHttpServer pid=4217)[0m (Worker_TP2_EP2 pid=4595) INFO:2026-06-11 14:11:01,660:Loading standard weights (non-FP8, async)
[36m(vLLMHttpServer pid=4217)[0m (Worker_TP3_EP3 pid=4596) INFO:2026-06-11 14:11:01,660:Loading standard weights (non-FP8, async)
[36m(vLLMHttpServer pid=4217)[0m (Worker_TP1_EP1 pid=4594) INFO:2026-06-11 14:11:01,660:Loading standard weights (non-FP8, async)
[36m(vLLMHttpServer pid=4217)[0m (Worker_TP0_EP0 pid=4593) INFO:2026-06-11 14:11:01,660:Loading standard weights (non-FP8, async)
[36m(vLLMHttpServer pid=4217)[0m (Worker_TP1_EP1 pid=4594) INFO:2026-06-11 14:11:01,691:Loading standard weights (non-FP8, async)
[36m(vLLMHttpServer pid=4217)[0m (Worker_TP3_EP3 pid=4596) INFO:2026-06-11 14:11:01,691:Loading standard weights (non-FP8, async)
[36m(vLLMHttpServer pid=4217)[0m (Worker_TP2_EP2 pid=4595) INFO:2026-06-11 14:11:01,691:Loading standard weights (non-FP8, async)
[36m(vLLMHttpServer pid=4217)[0m (Worker_TP0_EP0 pid=4593) INFO:2026-06-11 14:11:01,691:Loading standard weights (non-FP8, async)
[36m(vLLMHttpServer pid=4217)[0m (Worker_TP3_EP3 pid=4596) INFO:2026-06-11 14:11:01,720:Loading standard weights (non-FP8, async)
[36m(vLLMHttpServer pid=4217)[0m (Worker_TP0_EP0 pid=4593) INFO:2026-06-11 14:11:01,720:Loading standard weights (non-FP8, async)
[36m(vLLMHttpServer pid=4217)[0m (Worker_TP1_EP1 pid=4594) INFO:2026-06-11 14:11:01,720:Loading standard weights (non-FP8, async)
[36m(vLLMHttpServer pid=4217)[0m (Worker_TP2_EP2 pid=4595) INFO:2026-06-11 14:11:01,720:Loading standard weights (non-FP8, async)
[36m(vLLMHttpServer pid=4217)[0m (Worker_TP3_EP3 pid=4596) INFO:2026-06-11 14:11:01,751:Loading standard weights (non-FP8, async)
[36m(vLLMHttpServer pid=4217)[0m (Worker_TP1_EP1 pid=4594) INFO:2026-06-11 14:11:01,751:Loading standard weights (non-FP8, async)
[36m(vLLMHttpServer pid=4217)[0m (Worker_TP0_EP0 pid=4593) INFO:2026-06-11 14:11:01,751:Loading standard weights (non-FP8, async)
[36m(vLLMHttpServer pid=4217)[0m (Worker_TP2_EP2 pid=4595) INFO:2026-06-11 14:11:01,751:Loading standard weights (non-FP8, async)
[36m(vLLMHttpServer pid=4217)[0m (Worker_TP1_EP1 pid=4594) INFO:2026-06-11 14:11:01,783:Loading standard weights (non-FP8, async)
[36m(vLLMHttpServer pid=4217)[0m (Worker_TP3_EP3 pid=4596) INFO:2026-06-11 14:11:01,784:Loading standard weights (non-FP8, async)
[36m(vLLMHttpServer pid=4217)[0m (Worker_TP0_EP0 pid=4593) INFO:2026-06-11 14:11:01,784:Loading standard weights (non-FP8, async)
[36m(vLLMHttpServer pid=4217)[0m (Worker_TP2_EP2 pid=4595) INFO:2026-06-11 14:11:01,786:Loading standard weights (non-FP8, async)
[36m(vLLMHttpServer pid=4217)[0m (Worker_TP1_EP1 pid=4594) INFO:2026-06-11 14:11:01,816:Loading standard weights (non-FP8, async)
[36m(vLLMHttpServer pid=4217)[0m (Worker_TP2_EP2 pid=4595) INFO:2026-06-11 14:11:01,816:Loading standard weights (non-FP8, async)
[36m(vLLMHttpServer pid=4217)[0m (Worker_TP3_EP3 pid=4596) INFO:2026-06-11 14:11:01,816:Loading standard weights (non-FP8, async)
[36m(vLLMHttpServer pid=4217)[0m (Worker_TP0_EP0 pid=4593) INFO:2026-06-11 14:11:01,817:Loading standard weights (non-FP8, async)
[36m(vLLMHttpServer pid=4217)[0m (Worker_TP3_EP3 pid=4596) INFO:2026-06-11 14:11:01,846:Loading standard weights (non-FP8, async)
[36m(vLLMHttpServer pid=4217)[0m (Worker_TP2_EP2 pid=4595) INFO:2026-06-11 14:11:01,846:Loading standard weights (non-FP8, async)
[36m(vLLMHttpServer pid=4217)[0m (Worker_TP1_EP1 pid=4594) INFO:2026-06-11 14:11:01,846:Loading standard weights (non-FP8, async)
[36m(vLLMHttpServer pid=4217)[0m (Worker_TP0_EP0 pid=4593) INFO:2026-06-11 14:11:01,846:Loading standard weights (non-FP8, async)
[36m(vLLMHttpServer pid=4217)[0m (Worker_TP0_EP0 pid=4593) INFO:2026-06-11 14:11:01,875:Loading standard weights (non-FP8, async)
[36m(vLLMHttpServer pid=4217)[0m (Worker_TP1_EP1 pid=4594) INFO:2026-06-11 14:11:01,875:Loading standard weights (non-FP8, async)
[36m(vLLMHttpServer pid=4217)[0m (Worker_TP2_EP2 pid=4595) INFO:2026-06-11 14:11:01,875:Loading standard weights (non-FP8, async)
[36m(vLLMHttpServer pid=4217)[0m (Worker_TP3_EP3 pid=4596) INFO:2026-06-11 14:11:01,875:Loading standard weights (non-FP8, async)
[36m(vLLMHttpServer pid=4217)[0m (Worker_TP3_EP3 pid=4596) INFO:2026-06-11 14:11:01,903:Loading standard weights (non-FP8, async)
[36m(vLLMHttpServer pid=4217)[0m (Worker_TP2_EP2 pid=4595) INFO:2026-06-11 14:11:01,904:Loading standard weights (non-FP8, async)
[36m(vLLMHttpServer pid=4217)[0m (Worker_TP0_EP0 pid=4593) INFO:2026-06-11 14:11:01,905:Loading standard weights (non-FP8, async)
[36m(vLLMHttpServer pid=4217)[0m (Worker_TP1_EP1 pid=4594) INFO:2026-06-11 14:11:01,906:Loading standard weights (non-FP8, async)

[36m(vLLMHttpServer pid=4217)[0m (EngineCore pid=4499) WARNING 06-11 14:09:58 [scheduler.py:1911] reset_connector called but no KV connector is configured.
[36m(vLLMHttpServer pid=4217)[0m (EngineCore pid=4499) WARNING 06-11 14:10:13 [scheduler.py:1911] reset_connector called but no KV connector is configured.
[36m(vLLMHttpServer pid=4217)[0m (EngineCore pid=4499) WARNING 06-11 14:10:19 [scheduler.py:1911] reset_connector called but no KV connector is configured.
[36m(TaskRunner pid=1943)[0m step:3 - actor/entropy:0.4298863708972931 - perf/mfu/actor_infer:0.0 - actor/pg_clipfrac:0.0 - actor/ppo_kl:0.0 - actor/pg_clipfrac_lower:0.0 - actor/pg_loss:0.0 - actor/distillation/abs_loss:0.03502653259783983 - actor/distillation/loss_min:-0.6695775985717773 - actor/distillation/loss_max:1.0907607078552246 - actor/distillation/pg_clipfrac:0.0 - actor/distillation/ppo_kl:0.0 - actor/distillation/pg_clipfrac_lower:0.0 - actor/distillation/loss:-0.004514664295129478 - actor/loss:-0.0045146639458835125 - actor/grad_norm:5.21875 - actor/lr:1e-06 - actor/perf/max_memory_allocated_gb:74.40642976760864 - actor/perf/max_memory_reserved_gb:87.7265625 - actor/perf/cpu_memory_used_gb:317.24608993530273 - perf/mfu/actor:0.0 - training/global_step:3 - training/epoch:2 - critic/score/mean:0.0 - critic/score/max:0.0 - critic/score/min:0.0 - critic/rewards/mean:0.0 - critic/rewards/max:0.0 - critic/rewards/min:0.0 - critic/advantages/mean:0.0 - critic/advantages/max:0.0 - critic/advantages/min:0.0 - critic/returns/mean:0.0 - critic/returns/max:0.0 - critic/returns/min:0.0 - response_length/mean:128.0 - response_length/max:128.0 - response_length/min:128.0 - response_length/clip_ratio:1.0 - response_length_non_aborted/mean:128.0 - response_length_non_aborted/max:128.0 - response_length_non_aborted/min:128.0 - response_length_non_aborted/clip_ratio:1.0 - response/aborted_ratio:0.0 - prompt_length/mean:1634.75 - prompt_length/max:1885.0 - prompt_length/min:1397.0 - prompt_length/clip_ratio:0.0 - num_turns/min:2 - num_turns/max:2 - num_turns/mean:2.0 - timing_s/start_profile:0.0018673129999342564 - timing_s/agent_loop/num_preempted/min:-1 - timing_s/agent_loop/num_preempted/max:-1 - timing_s/agent_loop/num_preempted/mean:-1.0 - timing_s/agent_loop/generate_sequences/min:0.705567536999979 - timing_s/agent_loop/generate_sequences/max:2.7543918410000288 - timing_s/agent_loop/generate_sequences/mean:1.7196796727500043 - timing_s/agent_loop/tool_calls/min:0.0 - timing_s/agent_loop/tool_calls/max:0.0 - timing_s/agent_loop/tool_calls/mean:0.0 - timing_s/agent_loop/compute_score/min:0.017240157000060208 - timing_s/agent_loop/compute_score/max:0.024959077999938017 - timing_s/agent_loop/compute_score/mean:0.020855097249977916 - timing_s/agent_loop/slowest/generate_sequences:2.7543918410000288 - timing_s/agent_loop/slowest/tool_calls:0.0 - timing_s/agent_loop/slowest/compute_score:0.017240157000060208 - timing_s/agent_loop/slowest/num_preempted:-1 - timing_s/agent_loop/slowest/prompt_length:1469 - timing_s/agent_loop/slowest/response_length:128 - timing_s/gen:4.2570999690000235 - timing_s/reward:0.0006729199999426783 - timing_s/old_log_prob:3.048074966999934 - timing_s/adv:0.00040320799996607093 - timing_s/update_actor:6.73274014399999 - timing_s/update_weights:6.856439573999978 - timing_s/step:20.897461406999923 - timing_s/stop_profile:4.2325999970671546e-05 - timing_per_token_ms/adv:5.71845128302469e-05 - timing_per_token_ms/update_actor:0.9548631604027784 - timing_per_token_ms/gen:8.314648376953171 - perf/total_num_tokens:7051 - perf/time_per_step:20.897461406999923 - perf/throughput:67.48188081484538
[36m(vLLMHttpServer pid=4217)[0m (EngineCore pid=4499) WARNING 06-11 14:10:20 [scheduler.py:1911] reset_connector called but no KV connector is configured.
[36m(vLLMHttpServer pid=4217)[0m (EngineCore pid=4499) WARNING 06-11 14:10:35 [scheduler.py:1911] reset_connector called but no KV connector is configured.
[36m(vLLMHttpServer pid=4217)[0m (EngineCore pid=4499) WARNING 06-11 14:10:41 [scheduler.py:1911] reset_connector called but no KV connector is configured.
[36m(TaskRunner pid=1943)[0m step:4 - actor/entropy:0.5704792737960815 - perf/mfu/actor_infer:0.0 - actor/pg_clipfrac:0.0 - actor/ppo_kl:0.0 - actor/pg_clipfrac_lower:0.0 - actor/pg_loss:0.0 - actor/distillation/abs_loss:0.03271392127498984 - actor/distillation/loss_min:-0.4154515266418457 - actor/distillation/loss_max:0.5175676345825195 - actor/distillation/pg_clipfrac:0.0 - actor/distillation/ppo_kl:0.0 - actor/distillation/pg_clipfrac_lower:0.0 - actor/distillation/loss:-0.0025804823671933264 - actor/loss:-0.0025804825127124786 - actor/grad_norm:2.8125 - actor/lr:1e-06 - actor/perf/max_memory_allocated_gb:74.40642976760864 - actor/perf/max_memory_reserved_gb:87.7265625 - actor/perf/cpu_memory_used_gb:317.25183486938477 - perf/mfu/actor:0.0 - training/global_step:4 - training/epoch:3 - critic/score/mean:0.0 - critic/score/max:0.0 - critic/score/min:0.0 - critic/rewards/mean:0.0 - critic/rewards/max:0.0 - critic/rewards/min:0.0 - critic/advantages/mean:0.0 - critic/advantages/max:0.0 - critic/advantages/min:0.0 - critic/returns/mean:0.0 - critic/returns/max:0.0 - critic/returns/min:0.0 - response_length/mean:128.0 - response_length/max:128.0 - response_length/min:128.0 - response_length/clip_ratio:1.0 - response_length_non_aborted/mean:128.0 - response_length_non_aborted/max:128.0 - response_length_non_aborted/min:128.0 - response_length_non_aborted/clip_ratio:1.0 - response/aborted_ratio:0.0 - prompt_length/mean:1634.75 - prompt_length/max:1885.0 - prompt_length/min:1397.0 - prompt_length/clip_ratio:0.0 - num_turns/min:2 - num_turns/max:2 - num_turns/mean:2.0 - timing_s/start_profile:0.001955094999971152 - timing_s/agent_loop/num_preempted/min:-1 - timing_s/agent_loop/num_preempted/max:-1 - timing_s/agent_loop/num_preempted/mean:-1.0 - timing_s/agent_loop/generate_sequences/min:0.7073408449999761 - timing_s/agent_loop/generate_sequences/max:2.747354247999965 - timing_s/agent_loop/generate_sequences/mean:1.7173207212499904 - timing_s/agent_loop/tool_calls/min:0.0 - timing_s/agent_loop/tool_calls/max:0.0 - timing_s/agent_loop/tool_calls/mean:0.0 - timing_s/agent_loop/compute_score/min:0.016340322000019114 - timing_s/agent_loop/compute_score/max:0.017099189999953524 - timing_s/agent_loop/compute_score/mean:0.01672502950000876 - timing_s/agent_loop/slowest/generate_sequences:2.747354247999965 - timing_s/agent_loop/slowest/tool_calls:0.0 - timing_s/agent_loop/slowest/compute_score:0.017099189999953524 - timing_s/agent_loop/slowest/num_preempted:-1 - timing_s/agent_loop/slowest/prompt_length:1469 - timing_s/agent_loop/slowest/response_length:128 - timing_s/gen:4.198853701999951 - timing_s/reward:0.0007255100000520542 - timing_s/old_log_prob:3.1589629019999848 - timing_s/adv:0.0003877430000329696 - timing_s/update_actor:6.911563835999914 - timing_s/update_weights:6.743439745000046 - timing_s/step:21.01573564699993 - timing_s/stop_profile:4.186499995739723e-05 - timing_per_token_ms/adv:5.499120692567998e-05 - timing_per_token_ms/update_actor:0.980224625726835 - timing_per_token_ms/gen:8.200886136718655 - perf/total_num_tokens:7051 - perf/time_per_step:21.01573564699993 - perf/throughput:67.10210023988911
[36m(vLLMHttpServer pid=4217)[0m (EngineCore pid=4499) WARNING 06-11 14:10:41 [scheduler.py:1911] reset_connector called but no KV connector is configured.
[36m(vLLMHttpServer pid=4217)[0m (EngineCore pid=4499) WARNING 06-11 14:10:57 [scheduler.py:1911] reset_connector called but no KV connector is configured.
[36m(vLLMHttpServer pid=4217)[0m (EngineCore pid=4499) WARNING 06-11 14:11:02 [scheduler.py:1911] reset_connector called but no KV connector is configured.
[36m(TaskRunner pid=1943)[0m Training Progress: 100%|██████████| 5/5 [03:31<00:00, 30.65s/it]Training Progress: 100%|██████████| 5/5 [03:31<00:00, 42.38s/it]
[36m(TaskRunner pid=1943)[0m Traceback (most recent call last):
[36m(TaskRunner pid=1943)[0m   File "/usr/local/lib/python3.12/site-packages/ray/_private/workers/default_worker.py", line 323, in <module>
[36m(TaskRunner pid=1943)[0m     worker.main_loop()
[36m(TaskRunner pid=1943)[0m   File "/usr/local/lib/python3.12/site-packages/ray/_private/worker.py", line 1039, in main_loop
[36m(TaskRunner pid=1943)[0m     self.core_worker.run_task_loop()
[36m(TaskRunner pid=1943)[0m   File "/usr/local/lib/python3.12/site-packages/torch/utils/data/_utils/signal_handling.py", line 73, in handler
[36m(TaskRunner pid=1943)[0m     _error_if_any_worker_fails()
[36m(TaskRunner pid=1943)[0m RuntimeError: DataLoader worker (pid 7389) is killed by signal: Killed. 
[36m(TaskRunner pid=1943)[0m step:5 - actor/entropy:0.47788670659065247 - perf/mfu/actor_infer:0.0 - actor/pg_clipfrac:0.0 - actor/ppo_kl:0.0 - actor/pg_clipfrac_lower:0.0 - actor/pg_loss:0.0 - actor/distillation/abs_loss:0.02746317069977522 - actor/distillation/loss_min:-0.39095377922058105 - actor/distillation/loss_max:0.4865083694458008 - actor/distillation/pg_clipfrac:0.0 - actor/distillation/ppo_kl:0.0 - actor/distillation/pg_clipfrac_lower:0.0 - actor/distillation/loss:-0.000376969575881958 - actor/loss:-0.0003769694594666362 - actor/grad_norm:2.328125 - actor/lr:1e-06 - actor/perf/max_memory_allocated_gb:74.40642976760864 - actor/perf/max_memory_reserved_gb:87.7265625 - actor/perf/cpu_memory_used_gb:317.2711868286133 - perf/mfu/actor:0.0 - training/global_step:5 - training/epoch:4 - critic/score/mean:0.0 - critic/score/max:0.0 - critic/score/min:0.0 - critic/rewards/mean:0.0 - critic/rewards/max:0.0 - critic/rewards/min:0.0 - critic/advantages/mean:0.0 - critic/advantages/max:0.0 - critic/advantages/min:0.0 - critic/returns/mean:0.0 - critic/returns/max:0.0 - critic/returns/min:0.0 - response_length/mean:128.0 - response_length/max:128.0 - response_length/min:128.0 - response_length/clip_ratio:1.0 - response_length_non_aborted/mean:128.0 - response_length_non_aborted/max:128.0 - response_length_non_aborted/min:128.0 - response_length_non_aborted/clip_ratio:1.0 - response/aborted_ratio:0.0 - prompt_length/mean:1634.75 - prompt_length/max:1885.0 - prompt_length/min:1397.0 - prompt_length/clip_ratio:0.0 - num_turns/min:2 - num_turns/max:2 - num_turns/mean:2.0 - timing_s/start_profile:0.001829618999977356 - timing_s/agent_loop/num_preempted/min:-1 - timing_s/agent_loop/num_preempted/max:-1 - timing_s/agent_loop/num_preempted/mean:-1.0 - timing_s/agent_loop/generate_sequences/min:0.7037353869999379 - timing_s/agent_loop/generate_sequences/max:2.7669226980000303 - timing_s/agent_loop/generate_sequences/mean:1.723463379750001 - timing_s/agent_loop/tool_calls/min:0.0 - timing_s/agent_loop/tool_calls/max:0.0 - timing_s/agent_loop/tool_calls/mean:0.0 - timing_s/agent_loop/compute_score/min:0.015755697000031432 - timing_s/agent_loop/compute_score/max:0.018628614000022026 - timing_s/agent_loop/compute_score/mean:0.017125165750002225 - timing_s/agent_loop/slowest/generate_sequences:2.7669226980000303 - timing_s/agent_loop/slowest/tool_calls:0.0 - timing_s/agent_loop/slowest/compute_score:0.016506130000038866 - timing_s/agent_loop/slowest/num_preempted:-1 - timing_s/agent_loop/slowest/prompt_length:1469 - timing_s/agent_loop/slowest/response_length:128 - timing_s/gen:4.272535013999914 - timing_s/reward:0.0007074170000578306 - timing_s/old_log_prob:2.966813184999978 - timing_s/adv:0.00038516799997978524 - timing_s/update_actor:6.874496421999993 - timing_s/update_weights:6.681139334000022 - timing_s/step:20.798882279000054 - timing_s/stop_profile:4.1918999954759784e-05 - timing_per_token_ms/adv:5.4626010492098315e-05 - timing_per_token_ms/update_actor:0.9749675821869228 - timing_per_token_ms/gen:8.344794949218581 - perf/total_num_tokens:7051 - perf/time_per_step:20.798882279000054 - perf/throughput:67.80172035609012
[36m(TaskRunner pid=1943)[0m 'Final validation metrics: None'
[36m(vLLMHttpServer pid=4217)[0m (EngineCore pid=4499) WARNING 06-11 14:11:03 [scheduler.py:1911] reset_connector called but no KV connector is configured.
